Period,TargetPeriod,UniqueCarrier,Origin,Dest,TargetPassengersNextMonth,TargetLog1p,z_PassengersLog1p,z_SeatsLog1p,z_DepScheduledLog1p,z_DepPerformedLog1p,z_PassengerLag1Log1p,z_PassengerLag2Log1p,z_PassengerRolling3MeanLog1p,z_Distance,z_LoadFactor,z_ScheduleCompletionRate,z_TrendMonth,TargetMonthSin,TargetMonthCos,UniqueCarrierFreq,OriginFreq,DestFreq,LoadFactorMissing,LoadFactorInvalid,PassengerLag1Missing,PassengerLag2Missing,PassengerRolling3MeanMissing,ScheduleCompletionRateMissing,UniqueCarrierMissing,OriginMissing,DestMissing
2015-01-01,2015-02-01,0JQ,GCN,LAS,409.0,6.016157,-1.8310286,-1.5681905,-1.7993234,-2.429075,0.22211382,0.2243525,0.19367512,-0.91698575,-2.2243216,0.026391933,-1.6876063,0.8660254,0.5,1.8821705e-06,3.952558e-05,0.018625017,0.0,0.0,1.0,1.0,1.0,0.0,0.0,0.0,0.0
2015-01-01,2015-02-01,0JQ,LAS,GCN,386.0,5.9584246,-1.8310286,-1.5681905,-1.7993234,-2.429075,0.22211382,0.2243525,0.19367512,-0.91698575,-2.2243216,0.026391933,-1.6876063,0.8660254,0.5,1.8821705e-06,0.018654192,1.5998448e-05,0.0,0.0,1.0,1.0,1.0,0.0,0.0,0.0,0.0
2015-01-01,2015-02-01,1DQ,ACK,HYA,2530.0,7.83637,0.20909749,0.1516997,1.7613338,2.0178485,0.22211382,0.2243525,0.19367512,-1.141323,0.2604916,-0.10388742,-1.6876063,0.8660254,0.5,1.6939533e-05,0.000926969,0.00034161395,0.0,0.0,1.0,1.0,1.0,0.0,0.0,0.0,0.0
2015-01-01,2015-02-01,1DQ,HYA,ACK,2392.0,7.780303,0.19708517,0.17420483,1.7536981,2.0529084,0.22211382,0.2243525,0.19367512,-1.141323,0.042564258,0.0024386295,-1.6876063,0.8660254,0.5,1.6939533e-05,0.00034067285,0.0009250868,0.0,0.0,1.0,1.0,1.0,0.0,0.0,0.0,0.0
2015-01-01,2015-02-01,1PQ,HNL,LUP,161.0,5.0875964,-1.0238593,-0.8646831,0.44651836,0.4422193,0.22211382,0.2243525,0.19367512,-1.092554,-1.6467067,0.10838593,-1.6876063,0.8660254,0.5,0.00015057364,0.004571792,0.00024279999,0.0,0.0,1.0,1.0,1.0,0.0,0.0,0.0,0.0
2015-01-01,2015-02-01,1PQ,LUP,HNL,164.0,5.1059456,-0.9757904,-0.87503,0.43346456,0.42632225,0.22211382,0.2243525,0.19367512,-1.092554,-1.4530822,0.10999366,-1.6876063,0.8660254,0.5,0.00015057364,0.00024562326,0.004624493,0.0,0.0,1.0,1.0,1.0,0.0,0.0,0.0,0.0
2015-01-01,2015-02-01,1PQ,LUP,MKK,246.0,5.5093884,-0.8309559,-0.65400314,0.72006166,0.7668405,0.22211382,0.2243525,0.19367512,-1.1770868,-1.590676,0.053723264,-1.6876063,0.8660254,0.5,0.00015057364,0.00024562326,0.0004959519,0.0,0.0,1.0,1.0,1.0,0.0,0.0,0.0,0.0
2015-01-01,2015-02-01,1PQ,MKK,LUP,195.0,5.278115,-0.932235,-0.6610594,0.72006166,0.7559427,0.22211382,0.2243525,0.19367512,-1.1770868,-1.8774092,0.026391933,-1.6876063,0.8660254,0.5,0.00015057364,0.0004950108,0.00024279999,0.0,0.0,1.0,1.0,1.0,0.0,0.0,0.0,0.0
2015-01-01,2015-02-01,1QQ,STT,STX,1160.0,7.057037,-0.16560207,-0.21010382,1.2728981,1.4548409,0.22211382,0.2243525,0.19367512,-1.1185641,-0.22628604,0.026391933,-1.6876063,0.8660254,0.5,0.00017504186,0.0015829054,0.00080556894,0.0,0.0,1.0,1.0,1.0,0.0,0.0,0.0,0.0
2015-01-01,2015-02-01,1QQ,STX,STT,1003.0,6.9117475,-0.06699569,-0.21010382,1.2728981,1.4548409,0.22211382,0.2243525,0.19367512,-1.1185641,0.4610838,0.026391933,-1.6876063,0.8660254,0.5,0.00017504186,0.00080745114,0.001533969,0.0,0.0,1.0,1.0,1.0,0.0,0.0,0.0,0.0
2015-01-01,2015-02-01,1WQ,CLT,LUK,362.0,5.894403,-0.61159724,-0.7480141,-0.18791555,-0.39192614,0.22211382,0.2243525,0.19367512,-0.655259,-0.20134117,0.026391933,-1.6876063,0.8660254,0.5,0.0003011473,0.020930678,0.00010728372,0.0,0.0,1.0,1.0,1.0,0.0,0.0,0.0,0.0
2015-01-01,2015-02-01,1WQ,CVG,MDW,142.0,4.962845,-1.1490507,-0.7480141,-0.18791555,-0.39192614,0.22211382,0.2243525,0.19367512,-0.7869352,-2.213561,0.026391933,-1.6876063,0.8660254,0.5,0.0003011473,0.00787406,0.006373029,0.0,0.0,1.0,1.0,1.0,0.0,0.0,0.0,0.0
2015-01-01,2015-02-01,1WQ,CVG,MMU,287.0,5.6629605,-0.81096554,-0.94546366,-0.41850147,-0.68343383,0.22211382,0.2243525,0.19367512,-0.28461492,-0.41040295,0.026391933,-1.6876063,0.8660254,0.5,0.0003011473,0.00787406,5.552403e-05,0.0,0.0,1.0,1.0,1.0,0.0,0.0,0.0,0.0
2015-01-01,2015-02-01,1WQ,LUK,CLT,380.0,5.9427996,-0.6024265,-0.7480141,-0.18791555,-0.39192614,0.22211382,0.2243525,0.19367512,-0.655259,-0.14280386,0.026391933,-1.6876063,0.8660254,0.5,0.0003011473,0.000105401545,0.020949498,0.0,0.0,1.0,1.0,1.0,0.0,0.0,0.0,0.0
2015-01-01,2015-02-01,1WQ,LUK,MDW,399.0,5.9914646,-0.6502065,-0.7480141,-0.18791555,-0.39192614,0.22211382,0.2243525,0.19367512,-0.7771814,-0.43549037,0.026391933,-1.6876063,0.8660254,0.5,0.0003011473,0.000105401545,0.006373029,0.0,0.0,1.0,1.0,1.0,0.0,0.0,0.0,0.0
2015-01-01,2015-02-01,1WQ,LUK,MMU,358.0,5.8833222,-0.70066047,-0.9072817,-0.37427294,-0.62751997,0.22211382,0.2243525,0.19367512,-0.30737376,0.09134535,0.026391933,-1.6876063,0.8660254,0.5,0.0003011473,0.000105401545,5.552403e-05,0.0,0.0,1.0,1.0,1.0,0.0,0.0,0.0,0.0
2015-01-01,2015-02-01,1WQ,MDW,CVG,155.0,5.049856,-1.1204724,-0.7480141,-0.18791555,-0.39192614,0.22211382,0.2243525,0.19367512,-0.7869352,-2.1550236,0.026391933,-1.6876063,0.8660254,0.5,0.0003011473,0.006341032,0.007805361,0.0,0.0,1.0,1.0,1.0,0.0,0.0,0.0,0.0
2015-01-01,2015-02-01,1WQ,MDW,LUK,389.0,5.966147,-0.6707861,-0.7480141,-0.18791555,-0.39192614,0.22211382,0.2243525,0.19367512,-0.7771814,-0.552565,0.026391933,-1.6876063,0.8660254,0.5,0.0003011473,0.006341032,0.00010728372,0.0,0.0,1.0,1.0,1.0,0.0,0.0,0.0,0.0
2015-01-01,2015-02-01,1WQ,MMU,CVG,254.0,5.5412636,-0.90969414,-0.9072817,-0.37427294,-0.62751997,0.22211382,0.2243525,0.19367512,-0.28461492,-1.0794008,0.026391933,-1.6876063,0.8660254,0.5,0.0003011473,5.74062e-05,0.007805361,0.0,0.0,1.0,1.0,1.0,0.0,0.0,0.0,0.0
2015-01-01,2015-02-01,1WQ,MMU,LUK,373.0,5.924256,-0.6978638,-0.94546366,-0.41850147,-0.68343383,0.22211382,0.2243525,0.19367512,-0.30737376,0.3422195,0.026391933,-1.6876063,0.8660254,0.5,0.0003011473,5.74062e-05,0.00010728372,0.0,0.0,1.0,1.0,1.0,0.0,0.0,0.0,0.0
2015-01-01,2015-02-01,2E,HOM,KEB,47.0,3.871201,-1.8473197,-1.859699,-2.2743402,-0.5749969,0.22211382,0.2243525,0.19367512,-1.1494511,-1.6464808,0.026391933,-1.6876063,0.8660254,0.5,0.0010191953,0.0003256155,0.0002682093,0.0,0.0,1.0,1.0,1.0,1.0,0.0,0.0,0.0
2015-01-01,2015-02-01,2E,HOM,PGM,53.0,3.988984,-1.5599303,-1.552227,-2.2743402,-0.1122866,0.22211382,0.2243525,0.19367512,-1.1527023,-1.5288836,0.026391933,-1.6876063,0.8660254,0.5,0.0010191953,0.0003256155,0.00026632712,0.0,0.0,1.0,1.0,1.0,1.0,0.0,0.0,0.0
2015-01-01,2015-02-01,2E,HOM,SOV,223.0,5.411646,-0.9185796,-0.8167033,-2.2743402,1.0187813,0.22211382,0.2243525,0.19367512,-1.1657075,-1.4217887,0.026391933,-1.6876063,0.8660254,0.5,0.0010191953,0.0003256155,0.00021644961,0.0,0.0,1.0,1.0,1.0,1.0,0.0,0.0,0.0
2015-01-01,2015-02-01,2E,KEB,HOM,39.0,3.6888795,-2.052441,-2.0644348,-2.2743402,-0.87675756,0.22211382,0.2243525,0.19367512,-1.1494511,-1.7712052,0.026391933,-1.6876063,0.8660254,0.5,0.0010191953,0.0002682093,0.00037925734,0.0,0.0,1.0,1.0,1.0,1.0,0.0,0.0,0.0
2015-01-01,2015-02-01,2E,KEB,PGM,41.0,3.7376697,-1.8310286,-1.7104924,-2.2743402,-0.35162282,0.22211382,0.2243525,0.19367512,-1.1868407,-1.9574603,0.026391933,-1.6876063,0.8660254,0.5,0.0010191953,0.0002682093,0.00026632712,0.0,0.0,1.0,1.0,1.0,1.0,0.0,0.0,0.0
2015-01-01,2015-02-01,2E,KEB,SOV,46.0,3.8501475,-1.7437252,-1.5722542,-2.2743402,-0.14268848,0.22211382,0.2243525,0.19367512,-1.1754612,-2.0225017,0.026391933,-1.6876063,0.8660254,0.5,0.0010191953,0.0002682093,0.00021644961,0.0,0.0,1.0,1.0,1.0,1.0,0.0,0.0,0.0
2015-01-01,2015-02-01,2E,PGM,HOM,28.0,3.3672957,-1.8000671,-1.3695363,-2.2743402,0.16632216,0.22211382,0.2243525,0.19367512,-1.1527023,-2.452776,0.026391933,-1.6876063,0.8660254,0.5,0.0010191953,0.0002682093,0.00037925734,0.0,0.0,1.0,1.0,1.0,1.0,0.0,0.0,0.0
2015-01-01,2015-02-01,2E,PGM,KEB,78.0,4.3694477,-1.5173086,-1.6604862,-2.2743402,-0.27623922,0.22211382,0.2243525,0.19367512,-1.1868407,-0.99032223,0.026391933,-1.6876063,0.8660254,0.5,0.0010191953,0.0002682093,0.0002682093,0.0,0.0,1.0,1.0,1.0,1.0,0.0,0.0,0.0
2015-01-01,2015-02-01,2E,PGM,SOV,18.0,2.944439,-1.9808763,-1.7104924,-2.2743402,-0.35162282,0.22211382,0.2243525,0.19367512,-1.1787125,-2.291959,0.026391933,-1.6876063,0.8660254,0.5,0.0010191953,0.0002682093,0.00021644961,0.0,0.0,1.0,1.0,1.0,1.0,0.0,0.0,0.0
2015-01-01,2015-02-01,2E,SOV,HOM,212.0,5.3612924,-0.9535021,-0.848962,-2.2743402,0.96878487,0.22211382,0.2243525,0.19367512,-1.1657075,-1.4511126,0.026391933,-1.6876063,0.8660254,0.5,0.0010191953,0.00026632712,0.00037925734,0.0,0.0,1.0,1.0,1.0,1.0,0.0,0.0,0.0
2015-01-01,2015-02-01,2E,SOV,KEB,15.0,2.7725887,-2.052441,-1.826474,-2.2743402,-0.5254769,0.22211382,0.2243525,0.19367512,-1.1754612,-2.2501469,0.026391933,-1.6876063,0.8660254,0.5,0.0010191953,0.00026632712,0.0002682093,0.0,0.0,1.0,1.0,1.0,1.0,0.0,0.0,0.0
2015-01-01,2015-02-01,2E,SOV,PGM,65.0,4.189655,-1.6481582,-1.3555634,-2.2743402,0.18771498,0.22211382,0.2243525,0.19367512,-1.1787125,-2.2062438,0.026391933,-1.6876063,0.8660254,0.5,0.0010191953,0.00026632712,0.00026632712,0.0,0.0,1.0,1.0,1.0,1.0,0.0,0.0,0.0
2015-01-01,2015-02-01,2O,06A,ADQ,0.0,0.0,-3.3942978,-3.0784833,-2.2743402,-2.0777943,0.22211382,0.2243525,0.19367512,-1.1689587,-3.1282063,0.026391933,-1.6876063,0.8660254,0.5,0.0035742417,1.8821705e-06,0.00097214105,0.0,0.0,1.0,1.0,1.0,1.0,0.0,0.0,0.0
2015-01-01,2015-02-01,2O,ADQ,AOS,1.0,0.6931472,-2.6471152,-2.874509,-2.2743402,-1.8285567,0.22211382,0.2243525,0.19367512,-1.105559,-1.6647737,0.026391933,-1.6876063,0.8660254,0.5,0.0035742417,0.0009344976,6.7758134e-05,0.0,0.0,1.0,1.0,1.0,1.0,0.0,0.0,0.0
2015-01-01,2015-02-01,2O,ADQ,KKB,3.0,1.3862944,-2.2810733,-2.511781,-2.2743402,-1.3437252,0.22211382,0.2243525,0.19367512,-1.141323,-1.2989156,0.026391933,-1.6876063,0.8660254,0.5,0.0035742417,0.0009344976,0.000115753486,0.0,0.0,1.0,1.0,1.0,1.0,0.0,0.0,0.0
2015-01-01,2015-02-01,2O,ADQ,KLN,81.0,4.406719,-1.4088527,-1.5216155,-2.2743402,-0.00034209088,0.22211382,0.2243525,0.19367512,-1.0990565,-1.02205,0.026391933,-1.6876063,0.8660254,0.5,0.0035742417,0.0009344976,0.00021080309,0.0,0.0,1.0,1.0,1.0,1.0,0.0,0.0,0.0
2015-01-01,2015-02-01,2O,ADQ,KOY,3.0,1.3862944,-2.6471152,-2.7257051,-2.2743402,-1.6352329,0.22211382,0.2243525,0.19367512,-1.0681695,-2.0306318,0.026391933,-1.6876063,0.8660254,0.5,0.0035742417,0.0009344976,0.000101637204,0.0,0.0,1.0,1.0,1.0,1.0,0.0,0.0,0.0
2015-01-01,2015-02-01,2O,ADQ,KOZ,73.0,4.304065,-1.3104454,-1.2665204,-2.2743402,0.22897825,0.22211382,0.2243525,0.19367512,-1.1705843,-1.48418,0.026391933,-1.6876063,0.8660254,0.5,0.0035742417,0.0009344976,0.00019104031,0.0,0.0,1.0,1.0,1.0,1.0,0.0,0.0,0.0
2015-01-01,2015-02-01,2O,ADQ,KPY,0.0,0.0,-2.3253212,-2.7257051,-2.2743402,-1.6352329,0.22211382,0.2243525,0.19367512,-1.1527023,-0.65866387,0.026391933,-1.6876063,0.8660254,0.5,0.0035742417,0.0009344976,0.00012045891,0.0,0.0,1.0,1.0,1.0,1.0,0.0,0.0,0.0
2015-01-01,2015-02-01,2O,ADQ,KYK,21.0,3.0910425,-2.2406783,-2.6084936,-2.2743402,-1.477276,0.22211382,0.2243525,0.19367512,-1.0714208,-0.7135426,0.026391933,-1.6876063,0.8660254,0.5,0.0035742417,0.0009344976,0.00018257054,0.0,0.0,1.0,1.0,1.0,1.0,0.0,0.0,0.0
2015-01-01,2015-02-01,2O,ADQ,OLH,58.0,4.0775375,-1.5092344,-1.341934,-2.2743402,0.1443877,0.22211382,0.2243525,0.19367512,-1.1153128,-1.9074894,0.026391933,-1.6876063,0.8660254,0.5,0.0035742417,0.0009344976,0.00018539379,0.0,0.0,1.0,1.0,1.0,1.0,0.0,0.0,0.0
2015-01-01,2015-02-01,2O,ADQ,ORI,45.0,3.8286414,-1.5255257,-1.6416812,-2.2743402,-0.27623922,0.22211382,0.2243525,0.19367512,-1.1657075,-1.0990771,0.026391933,-1.6876063,0.8660254,0.5,0.0035742417,0.0009344976,0.00019856899,0.0,0.0,1.0,1.0,1.0,1.0,0.0,0.0,0.0
2015-01-01,2015-02-01,2O,ADQ,SYB,3.0,1.3862944,-2.8842664,-3.4045243,-2.2743402,-2.429075,0.22211382,0.2243525,0.19367512,-1.1185641,-0.9330575,0.026391933,-1.6876063,0.8660254,0.5,0.0035742417,0.0009344976,0.000165631,0.0,0.0,1.0,1.0,1.0,1.0,0.0,0.0,0.0
2015-01-01,2015-02-01,2O,ALZ,ADQ,0.0,0.0,-3.0725038,-2.874509,-2.2743402,-1.8285567,0.22211382,0.2243525,0.19367512,-1.048662,-2.7623482,0.026391933,-1.6876063,0.8660254,0.5,0.0035742417,0.00012139999,0.00097214105,0.0,0.0,1.0,1.0,1.0,1.0,0.0,0.0,0.0
2015-01-01,2015-02-01,2O,AOS,KZB,4.0,1.609438,-2.6471152,-2.874509,-2.2743402,-1.8285567,0.22211382,0.2243525,0.19367512,-1.1803381,-1.6647737,0.026391933,-1.6876063,0.8660254,0.5,0.0035742417,6.964031e-05,8.657984e-05,0.0,0.0,1.0,1.0,1.0,1.0,0.0,0.0,0.0
2015-01-01,2015-02-01,2O,KKB,SYB,1.0,0.6931472,-2.374235,-2.7257051,-2.2743402,-1.6352329,0.22211382,0.2243525,0.19367512,-1.1689587,-0.9330575,0.026391933,-1.6876063,0.8660254,0.5,0.0035742417,0.0001599845,0.000165631,0.0,0.0,1.0,1.0,1.0,1.0,0.0,0.0,0.0
2015-01-01,2015-02-01,2O,KLN,ADQ,100.0,4.6151204,-1.4422665,-1.5888134,-2.2743402,-0.082915485,0.22211382,0.2243525,0.19367512,-1.0990565,-0.9163006,0.026391933,-1.6876063,0.8660254,0.5,0.0035742417,0.00021456744,0.00097214105,0.0,0.0,1.0,1.0,1.0,1.0,0.0,0.0,0.0
2015-01-01,2015-02-01,2O,KLN,KYK,9.0,2.3025851,-2.1071217,-1.8735671,-2.2743402,-0.68343383,0.22211382,0.2243525,0.19367512,-1.1624562,-2.2839184,0.026391933,-1.6876063,0.8660254,0.5,0.0035742417,0.00021456744,0.00018257054,0.0,0.0,1.0,1.0,1.0,1.0,0.0,0.0,0.0
2015-01-01,2015-02-01,2O,KLN,OLH,0.0,0.0,-3.3942978,-3.4045243,-2.2743402,-2.429075,0.22211382,0.2243525,0.19367512,-1.136446,-3.1282063,0.026391933,-1.6876063,0.8660254,0.5,0.0035742417,0.00021456744,0.00018539379,0.0,0.0,1.0,1.0,1.0,1.0,0.0,0.0,0.0
2015-01-01,2015-02-01,2O,KMY,ALZ,1.0,0.6931472,-2.6471152,-2.7257051,-2.2743402,-1.6352329,0.22211382,0.2243525,0.19367512,-1.1754612,-2.0306318,0.026391933,-1.6876063,0.8660254,0.5,0.0035742417,0.00011104806,0.00012704651,0.0,0.0,1.0,1.0,1.0,1.0,0.0,0.0,0.0
2015-01-01,2015-02-01,2O,KOY,KMY,2.0,1.0986123,-2.6471152,-2.874509,-2.2743402,-1.8285567,0.22211382,0.2243525,0.19367512,-1.1754612,-1.6647737,0.026391933,-1.6876063,0.8660254,0.5,0.0035742417,0.00010728372,0.00011104806,0.0,0.0,1.0,1.0,1.0,1.0,0.0,0.0,0.0
2015-01-01,2015-02-01,2O,KOZ,ADQ,67.0,4.2195077,-1.4492478,-1.5291114,-2.2743402,-0.082915485,0.22211382,0.2243525,0.19367512,-1.1705843,-1.1736218,0.026391933,-1.6876063,0.8660254,0.5,0.0035742417,0.00019292247,0.00097214105,0.0,0.0,1.0,1.0,1.0,1.0,0.0,0.0,0.0
2015-01-01,2015-02-01,2O,KOZ,ORI,49.0,3.912023,-1.7179269,-1.5972822,-2.2743402,-0.35162282,0.22211382,0.2243525,0.19367512,-1.167333,-1.9030069,0.026391933,-1.6876063,0.8660254,0.5,0.0035742417,0.00019292247,0.00019856899,0.0,0.0,1.0,1.0,1.0,1.0,0.0,0.0,0.0
2015-01-01,2015-02-01,2O,KPR,ADQ,5.0,1.7917595,-2.5624723,-2.7257051,-2.2743402,-1.6352329,0.22211382,0.2243525,0.19367512,-1.1153128,-1.7562383,0.026391933,-1.6876063,0.8660254,0.5,0.0035742417,0.00013739844,0.00097214105,0.0,0.0,1.0,1.0,1.0,1.0,0.0,0.0,0.0
2015-01-01,2015-02-01,2O,KPY,UGI,0.0,0.0,-2.3253212,-2.7257051,-2.2743402,-1.6352329,0.22211382,0.2243525,0.19367512,-1.1657075,-0.65866387,0.026391933,-1.6876063,0.8660254,0.5,0.0035742417,0.00014398604,0.00014398604,0.0,0.0,1.0,1.0,1.0,1.0,0.0,0.0,0.0
2015-01-01,2015-02-01,2O,KWP,ADQ,1.0,0.6931472,-2.8842664,-2.874509,-2.2743402,-1.8285567,0.22211382,0.2243525,0.19367512,-1.128318,-2.39649,0.026391933,-1.6876063,0.8660254,0.5,0.0035742417,0.00013175193,0.00097214105,0.0,0.0,1.0,1.0,1.0,1.0,0.0,0.0,0.0
2015-01-01,2015-02-01,2O,KYK,ADQ,14.0,2.7080503,-2.2406783,-2.116313,-2.2743402,-0.95214117,0.22211382,0.2243525,0.19367512,-1.0714208,-2.1623409,0.026391933,-1.6876063,0.8660254,0.5,0.0035742417,0.00017880619,0.00097214105,0.0,0.0,1.0,1.0,1.0,1.0,0.0,0.0,0.0
2015-01-01,2015-02-01,2O,KYK,KLN,14.0,2.7080503,-2.374235,-2.105542,-2.2743402,-1.1259953,0.22211382,0.2243525,0.19367512,-1.1624562,-2.4395323,0.026391933,-1.6876063,0.8660254,0.5,0.0035742417,0.00017880619,0.00021080309,0.0,0.0,1.0,1.0,1.0,1.0,0.0,0.0,0.0
2015-01-01,2015-02-01,2O,KYK,OLH,0.0,0.0,-3.3942978,-3.4045243,-2.2743402,-2.429075,0.22211382,0.2243525,0.19367512,-1.110436,-3.1282063,0.026391933,-1.6876063,0.8660254,0.5,0.0035742417,0.00017880619,0.00018539379,0.0,0.0,1.0,1.0,1.0,1.0,0.0,0.0,0.0
2015-01-01,2015-02-01,2O,KZB,ADQ,0.0,0.0,-2.7507098,-3.0784833,-2.2743402,-2.0777943,0.22211382,0.2243525,0.19367512,-1.1120616,-1.4818447,0.026391933,-1.6876063,0.8660254,0.5,0.0035742417,0.00010634263,0.00097214105,0.0,0.0,1.0,1.0,1.0,1.0,0.0,0.0,0.0
2015-01-01,2015-02-01,2O,OLH,ADQ,55.0,4.0253515,-1.4088527,-1.35833,-2.2743402,0.1443877,0.22211382,0.2243525,0.19367512,-1.1153128,-1.5618187,0.026391933,-1.6876063,0.8660254,0.5,0.0035742417,0.00018633487,0.00097214105,0.0,0.0,1.0,1.0,1.0,1.0,0.0,0.0,0.0
2015-01-01,2015-02-01,2O,OLH,KLN,0.0,0.0,-3.3942978,-3.1438167,-2.2743402,-2.0777943,0.22211382,0.2243525,0.19367512,-1.136446,-3.1282063,0.026391933,-1.6876063,0.8660254,0.5,0.0035742417,0.00018633487,0.00021080309,0.0,0.0,1.0,1.0,1.0,1.0,0.0,0.0,0.0
2015-01-01,2015-02-01,2O,ORI,ADQ,90.0,4.5108595,-1.3263642,-1.2279372,-2.2743402,0.3768022,0.22211382,0.2243525,0.19367512,-1.1657075,-1.647352,0.026391933,-1.6876063,0.8660254,0.5,0.0035742417,0.00019856899,0.00097214105,0.0,0.0,1.0,1.0,1.0,1.0,0.0,0.0,0.0
2015-01-01,2015-02-01,2O,ORI,KLN,0.0,0.0,-3.3942978,-3.4045243,-2.2743402,-2.429075,0.22211382,0.2243525,0.19367512,-1.1136872,-3.1282063,0.026391933,-1.6876063,0.8660254,0.5,0.0035742417,0.00019856899,0.00021080309,0.0,0.0,1.0,1.0,1.0,1.0,0.0,0.0,0.0
2015-01-01,2015-02-01,2O,ORI,KOZ,20.0,3.0445225,-2.490908,-2.4900255,-2.2743402,-1.6352329,0.22211382,0.2243525,0.19367512,-1.167333,-2.074535,0.026391933,-1.6876063,0.8660254,0.5,0.0035742417,0.00019856899,0.00019104031,0.0,0.0,1.0,1.0,1.0,1.0,0.0,0.0,0.0
2015-01-01,2015-02-01,2O,SYB,KPR,2.0,1.0986123,-2.374235,-2.7257051,-2.2743402,-1.6352329,0.22211382,0.2243525,0.19367512,-1.1705843,-0.9330575,0.026391933,-1.6876063,0.8660254,0.5,0.0035742417,0.00014398604,0.0001345752,0.0,0.0,1.0,1.0,1.0,1.0,0.0,0.0,0.0
2015-01-01,2015-02-01,2O,UGI,KWP,1.0,0.6931472,-2.7507098,-2.7257051,-2.2743402,-1.6352329,0.22211382,0.2243525,0.19367512,-1.1770868,-2.3050256,0.026391933,-1.6876063,0.8660254,0.5,0.0035742417,0.00013645735,0.00013269302,0.0,0.0,1.0,1.0,1.0,1.0,0.0,0.0,0.0
2015-01-01,2015-02-01,3E,BRL,ORD,262.0,5.572154,-0.80390453,-0.9197193,0.48425105,0.4578299,0.22211382,0.2243525,0.19367512,-0.88772434,-0.49402767,0.026391933,-1.6876063,0.8660254,0.5,0.0017137162,0.00021456744,0.042527642,0.0,0.0,1.0,1.0,1.0,0.0,0.0,0.0,0.0
2015-01-01,2015-02-01,3E,BRL,STL,191.0,5.2574954,-0.8441404,-0.9197193,0.49638066,0.4578299,0.22211382,0.2243525,0.19367512,-0.95437527,-0.7135426,-0.011676709,-1.6876063,0.8660254,0.5,0.0017137162,0.00021456744,0.009117234,0.0,0.0,1.0,1.0,1.0,0.0,0.0,0.0,0.0
2015-01-01,2015-02-01,3E,DEC,ORD,280.0,5.638355,-0.67607677,-0.7334401,0.7456039,0.74490607,0.22211382,0.2243525,0.19367512,-0.93811893,-0.6479732,-0.07888431,-1.6876063,0.8660254,0.5,0.0017137162,0.00018539379,0.042527642,0.0,0.0,1.0,1.0,1.0,0.0,0.0,0.0,0.0
2015-01-01,2015-02-01,3E,DEC,STL,187.0,5.236442,-0.96327615,-0.72629416,0.7456039,0.7559427,0.22211382,0.2243525,0.19367512,-1.012898,-1.8125242,-0.05256525,-1.6876063,0.8660254,0.5,0.0017137162,0.00018539379,0.009117234,0.0,0.0,1.0,1.0,1.0,0.0,0.0,0.0,0.0
2015-01-01,2015-02-01,3E,IWD,ORD,345.0,5.846439,-0.5802624,-0.7406792,0.7456039,0.73372704,0.22211382,0.2243525,0.19367512,-0.6503821,-0.03766779,-0.105203375,-1.6876063,0.8660254,0.5,0.0017137162,0.00015527906,0.042527642,0.0,0.0,1.0,1.0,1.0,0.0,0.0,0.0,0.0
2015-01-01,2015-02-01,3E,JBR,STL,265.0,5.583496,-0.5468637,-0.7192392,0.7456039,0.74490607,0.22211382,0.2243525,0.19367512,-0.8633399,0.06726354,-0.07888431,-1.6876063,0.8660254,0.5,0.0017137162,9.7872864e-05,0.009117234,0.0,0.0,1.0,1.0,1.0,0.0,0.0,0.0,0.0
2015-01-01,2015-02-01,3E,MCW,ORD,417.0,6.0354815,-0.53005195,-0.5563876,0.90186,1.0187813,0.22211382,0.2243525,0.19367512,-0.72353554,-0.65866387,0.10999366,-1.6876063,0.8660254,0.5,0.0017137162,0.00023997674,0.042527642,0.0,0.0,1.0,1.0,1.0,0.0,0.0,0.0,0.0
2015-01-01,2015-02-01,3E,ORD,BRL,238.0,5.4764633,-0.746313,-0.9197193,0.48425105,0.4578299,0.22211382,0.2243525,0.19367512,-0.88772434,-0.14479946,0.026391933,-1.6876063,0.8660254,0.5,0.0017137162,0.04226696,0.00021456744,0.0,0.0,1.0,1.0,1.0,0.0,0.0,0.0,0.0
2015-01-01,2015-02-01,3E,ORD,DEC,275.0,5.620401,-0.7134584,-0.7334401,0.7456039,0.74490607,0.22211382,0.2243525,0.19367512,-0.93811893,-0.84040505,-0.07888431,-1.6876063,0.8660254,0.5,0.0017137162,0.04226696,0.00018539379,0.0,0.0,1.0,1.0,1.0,0.0,0.0,0.0,0.0
2015-01-01,2015-02-01,3E,ORD,IWD,295.0,5.6903596,-0.68277603,-0.7406792,0.7456039,0.73372704,0.22211382,0.2243525,0.19367512,-0.6503821,-0.65144295,-0.105203375,-1.6876063,0.8660254,0.5,0.0017137162,0.04226696,0.00015527906,0.0,0.0,1.0,1.0,1.0,0.0,0.0,0.0,0.0
2015-01-01,2015-02-01,3E,ORD,MCW,409.0,6.016157,-0.518541,-0.5563876,0.8951741,1.0187813,0.22211382,0.2243525,0.19367512,-0.72353554,-0.596537,0.13192876,-1.6876063,0.8660254,0.5,0.0017137162,0.04226696,0.00023997674,0.0,0.0,1.0,1.0,1.0,0.0,0.0,0.0,0.0
2015-01-01,2015-02-01,3E,STL,BRL,197.0,5.288267,-0.9583634,-0.9197193,0.49638066,0.4578299,0.22211382,0.2243525,0.19367512,-0.95437527,-1.242374,-0.011676709,-1.6876063,0.8660254,0.5,0.0017137162,0.00916617,0.00021456744,0.0,0.0,1.0,1.0,1.0,0.0,0.0,0.0,0.0
2015-01-01,2015-02-01,3E,STL,DEC,191.0,5.2574954,-0.9860505,-0.72629416,0.7456039,0.7559427,0.22211382,0.2243525,0.19367512,-1.012898,-1.8758458,-0.05256525,-1.6876063,0.8660254,0.5,0.0017137162,0.00916617,0.00018539379,0.0,0.0,1.0,1.0,1.0,0.0,0.0,0.0,0.0
2015-01-01,2015-02-01,3E,STL,JBR,225.0,5.420535,-0.59454817,-0.7192392,0.7456039,0.74490607,0.22211382,0.2243525,0.19367512,-0.8633399,-0.24533677,-0.07888431,-1.6876063,0.8660254,0.5,0.0017137162,0.00916617,9.7872864e-05,0.0,0.0,1.0,1.0,1.0,0.0,0.0,0.0,0.0
2015-01-01,2015-02-01,3F,CGA,HYL,14.0,2.7080503,-2.5624723,-2.3924603,-2.2743402,-1.477276,0.22211382,0.2243525,0.19367512,-1.1592048,-2.39649,0.026391933,-1.6876063,0.8660254,0.5,0.0017268914,0.00040090233,0.00043007595,0.0,0.0,1.0,1.0,1.0,1.0,0.0,0.0,0.0
2015-01-01,2015-02-01,3F,CGA,KTB,1.0,0.6931472,-3.0725038,-2.874509,-2.2743402,-2.0777943,0.22211382,0.2243525,0.19367512,-1.1461998,-2.7623482,0.026391933,-1.6876063,0.8660254,0.5,0.0017268914,0.00040090233,0.00055806356,0.0,0.0,1.0,1.0,1.0,1.0,0.0,0.0,0.0
2015-01-01,2015-02-01,3F,CGA,WFB,25.0,3.2580965,-2.1691136,-2.1385036,-2.2743402,-1.1259953,0.22211382,0.2243525,0.19367512,-1.0958053,-1.9391674,0.026391933,-1.6876063,0.8660254,0.5,0.0017268914,0.00040090233,0.001633724,0.0,0.0,1.0,1.0,1.0,1.0,0.0,0.0,0.0
2015-01-01,2015-02-01,3F,HYL,CGA,8.0,2.1972246,-2.374235,-2.1385036,-2.2743402,-1.1259953,0.22211382,0.2243525,0.19367512,-1.1592048,-2.39649,0.026391933,-1.6876063,0.8660254,0.5,0.0017268914,0.00044231006,0.00042631163,0.0,0.0,1.0,1.0,1.0,1.0,0.0,0.0,0.0
2015-01-01,2015-02-01,3F,HYL,KTB,17.0,2.8903718,-2.2810733,-1.8735671,-2.2743402,-0.74320686,0.22211382,0.2243525,0.19367512,-1.167333,-2.5653477,0.026391933,-1.6876063,0.8660254,0.5,0.0017268914,0.00044231006,0.00055806356,0.0,0.0,1.0,1.0,1.0,1.0,0.0,0.0,0.0
2015-01-01,2015-02-01,3F,HYL,WFB,29.0,3.4011974,-2.1370838,-1.6652887,-2.2743402,-0.4341962,0.22211382,0.2243525,0.19367512,-1.128318,-2.589047,0.026391933,-1.6876063,0.8660254,0.5,0.0017268914,0.00044231006,0.001633724,0.0,0.0,1.0,1.0,1.0,1.0,0.0,0.0,0.0
2015-01-01,2015-02-01,3F,KTB,HYL,5.0,1.7917595,-2.7507098,-2.511781,-2.2743402,-1.6352329,0.22211382,0.2243525,0.19367512,-1.167333,-2.5794191,0.026391933,-1.6876063,0.8660254,0.5,0.0017268914,0.00056371005,0.00043007595,0.0,0.0,1.0,1.0,1.0,1.0,0.0,0.0,0.0
2015-01-01,2015-02-01,3F,KTB,WFB,32.0,3.4965076,-1.9188843,-1.5142194,-2.2743402,-0.20689303,0.22211382,0.2243525,0.19367512,-1.1250666,-2.4550273,0.026391933,-1.6876063,0.8660254,0.5,0.0017268914,0.00056371005,0.001633724,0.0,0.0,1.0,1.0,1.0,1.0,0.0,0.0,0.0
2015-01-01,2015-02-01,3F,KTB,WMK,0.0,0.0,-2.6471152,-2.511781,-2.2743402,-1.6352329,0.22211382,0.2243525,0.19367512,-1.17221,-2.39649,0.026391933,-1.6876063,0.8660254,0.5,0.0017268914,0.00056371005,0.00015433798,0.0,0.0,1.0,1.0,1.0,1.0,0.0,0.0,0.0
2015-01-01,2015-02-01,3F,KXA,KTB,2.0,1.0986123,-2.7507098,-2.664009,-2.2743402,-1.8285567,0.22211382,0.2243525,0.19367512,-1.17221,-2.39649,0.026391933,-1.6876063,0.8660254,0.5,0.0017268914,0.00023056589,0.00055806356,0.0,0.0,1.0,1.0,1.0,1.0,0.0,0.0,0.0
2015-01-01,2015-02-01,3F,KXA,WFB,3.0,1.3862944,-3.0725038,-3.2178857,-2.2743402,-2.429075,0.22211382,0.2243525,0.19367512,-1.141323,-2.39649,0.026391933,-1.6876063,0.8660254,0.5,0.0017268914,0.00023056589,0.001633724,0.0,0.0,1.0,1.0,1.0,1.0,0.0,0.0,0.0
2015-01-01,2015-02-01,3F,MTM,WFB,135.0,4.912655,-1.2850702,-1.2022326,-2.2743402,0.26836523,0.22211382,0.2243525,0.19367512,-1.1657075,-1.5816242,0.026391933,-1.6876063,0.8660254,0.5,0.0017268914,0.00014492712,0.001633724,0.0,0.0,1.0,1.0,1.0,1.0,0.0,0.0,0.0
2015-01-01,2015-02-01,3F,WFB,CGA,35.0,3.583519,-2.0035272,-2.1385036,-2.2743402,-1.1259953,0.22211382,0.2243525,0.19367512,-1.0958053,-1.3903801,0.026391933,-1.6876063,0.8660254,0.5,0.0017268914,0.0015669069,0.00042631163,0.0,0.0,1.0,1.0,1.0,1.0,0.0,0.0,0.0
2015-01-01,2015-02-01,3F,WFB,HYL,62.0,4.1431346,-1.5012984,-1.3956102,-2.2743402,-0.027001575,0.22211382,0.2243525,0.19367512,-1.128318,-1.7591888,0.026391933,-1.6876063,0.8660254,0.5,0.0017268914,0.0015669069,0.00043007595,0.0,0.0,1.0,1.0,1.0,1.0,0.0,0.0,0.0
2015-01-01,2015-02-01,3F,WFB,KTB,27.0,3.3322046,-2.052441,-1.8735671,-2.2743402,-0.74320686,0.22211382,0.2243525,0.19367512,-1.1250666,-2.1713467,0.026391933,-1.6876063,0.8660254,0.5,0.0017268914,0.0015669069,0.00055806356,0.0,0.0,1.0,1.0,1.0,1.0,0.0,0.0,0.0
2015-01-01,2015-02-01,3F,WFB,KXA,7.0,2.0794415,-2.6471152,-2.664009,-2.2743402,-1.8285567,0.22211382,0.2243525,0.19367512,-1.141323,-2.1525846,0.026391933,-1.6876063,0.8660254,0.5,0.0017268914,0.0015669069,0.0001778651,0.0,0.0,1.0,1.0,1.0,1.0,0.0,0.0,0.0
2015-01-01,2015-02-01,3F,WFB,MTM,145.0,4.983607,-1.2801574,-1.2022326,-2.2743402,0.26836523,0.22211382,0.2243525,0.19367512,-1.1657075,-1.5649942,0.026391933,-1.6876063,0.8660254,0.5,0.0017268914,0.0015669069,0.00014586821,0.0,0.0,1.0,1.0,1.0,1.0,0.0,0.0,0.0
2015-01-01,2015-02-01,3F,WFB,WMK,3.0,1.3862944,-2.7507098,-2.664009,-2.2743402,-1.8285567,0.22211382,0.2243525,0.19367512,-1.1348205,-2.39649,0.026391933,-1.6876063,0.8660254,0.5,0.0017268914,0.0015669069,0.00015433798,0.0,0.0,1.0,1.0,1.0,1.0,0.0,0.0,0.0
2015-01-01,2015-02-01,3F,WFB,ZXM,5.0,1.7917595,-3.3942978,-3.2178857,-2.2743402,-2.429075,0.22211382,0.2243525,0.19367512,-1.1494511,-3.1282063,0.026391933,-1.6876063,0.8660254,0.5,0.0017268914,0.0015669069,0.00013645735,0.0,0.0,1.0,1.0,1.0,1.0,0.0,0.0,0.0
2015-01-01,2015-02-01,3F,WMK,KTB,2.0,1.0986123,-2.8842664,-2.664009,-2.2743402,-1.8285567,0.22211382,0.2243525,0.19367512,-1.17221,-2.6403954,0.026391933,-1.6876063,0.8660254,0.5,0.0017268914,0.00014586821,0.00055806356,0.0,0.0,1.0,1.0,1.0,1.0,0.0,0.0,0.0
2015-01-01,2015-02-01,3F,WMK,WFB,0.0,0.0,-2.5624723,-2.511781,-2.2743402,-1.6352329,0.22211382,0.2243525,0.19367512,-1.1348205,-2.213561,0.026391933,-1.6876063,0.8660254,0.5,0.0017268914,0.00014586821,0.001633724,0.0,0.0,1.0,1.0,1.0,1.0,0.0,0.0,0.0
2015-01-01,2015-02-01,3F,ZXM,WFB,8.0,2.1972246,-2.6471152,-2.874509,-2.2743402,-2.0777943,0.22211382,0.2243525,0.19367512,-1.1494511,-1.6647737,0.026391933,-1.6876063,0.8660254,0.5,0.0017268914,0.00012892867,0.001633724,0.0,0.0,1.0,1.0,1.0,1.0,0.0,0.0,0.0
2015-01-01,2015-02-01,3M,CKB,IAD,326.0,5.7899604,-0.68820596,-0.4728449,0.10074389,-0.082915485,0.22211382,0.2243525,0.19367512,-0.9462471,-1.6187632,-0.11114639,-1.6876063,0.8660254,0.5,0.0033832015,0.00037925734,0.012609601,0.0,0.0,1.0,1.0,1.0,0.0,0.0,0.0,0.0
2015-01-01,2015-02-01,3M,CKB,MGW,49.0,3.912023,-1.7710419,-0.6786956,0.009234239,-0.39192614,0.22211382,0.2243525,0.19367512,-1.1445742,-2.9216042,-0.52630836,-1.6876063,0.8660254,0.5,0.0033832015,0.00037925734,0.00019292247,0.0,0.0,1.0,1.0,1.0,0.0,0.0,0.0,0.0
2015-01-01,2015-02-01,3M,CKB,PKB,107.0,4.6821313,-1.2292931,-0.7071048,-0.12557219,-0.4341962,0.22211382,0.2243525,0.19367512,-1.0860515,-2.414613,-0.26431406,-1.6876063,0.8660254,0.5,0.0033832015,0.00037925734,0.00015810232,0.0,0.0,1.0,1.0,1.0,0.0,0.0,0.0,0.0
2015-01-01,2015-02-01,3M,DUJ,IAD,138.0,4.934474,-1.038145,-0.45405868,-0.12557219,-0.05450753,0.22211382,0.2243525,0.19367512,-0.91210884,-2.4438365,0.8016079,-1.6876063,0.8660254,0.5,0.0033832015,0.00017692402,0.012609601,0.0,0.0,1.0,1.0,1.0,0.0,0.0,0.0,0.0
2015-01-01,2015-02-01,3M,DUJ,JST,85.0,4.454347,-0.96824145,-0.35301682,0.5082993,0.098779015,0.22211382,0.2243525,0.19367512,-1.0941796,-2.4646401,-0.75902426,-1.6876063,0.8660254,0.5,0.0033832015,0.00017692402,0.00017974728,0.0,0.0,1.0,1.0,1.0,0.0,0.0,0.0,0.0
2015-01-01,2015-02-01,3M,EYW,FLL,2049.0,7.625595,0.11908747,0.25243706,0.9773827,1.0812491,0.22211382,0.2243525,0.19367512,-0.9560009,-0.80067456,0.026391933,-1.6876063,0.8660254,0.5,0.0033832015,0.0012638775,0.011832265,0.0,0.0,1.0,1.0,1.0,0.0,0.0,0.0,0.0
2015-01-01,2015-02-01,3M,EYW,JAX,0.0,0.0,-3.3942978,-4.297268,-2.2743402,-3.0295935,0.22211382,0.2243525,0.19367512,-0.5268341,0.34890947,0.026391933,-1.6876063,0.8660254,0.5,0.0033832015,0.0012638775,0.0044889767,1.0,0.0,1.0,1.0,1.0,1.0,0.0,0.0,0.0
2015-01-01,2015-02-01,3M,EYW,MCO,1775.0,7.482119,0.08058608,0.10255616,0.8017421,0.84941393,0.22211382,0.2243525,0.19367512,-0.7560482,-0.32119125,0.002166433,-1.6876063,0.8660254,0.5,0.0033832015,0.0012638775,0.015206996,0.0,0.0,1.0,1.0,1.0,0.0,0.0,0.0,0.0
2015-01-01,2015-02-01,3M,EYW,PNS,0.0,0.0,-3.3942978,-4.297268,-2.2743402,-3.0295935,0.22211382,0.2243525,0.19367512,-0.33663514,0.34890947,0.026391933,-1.6876063,0.8660254,0.5,0.0033832015,0.0012638775,0.0018718186,1.0,0.0,1.0,1.0,1.0,1.0,0.0,0.0,0.0
2015-01-01,2015-02-01,3M,EYW,RSW,1057.0,6.9641356,-0.14863928,-0.1318946,0.5082993,0.48823178,0.22211382,0.2243525,0.19367512,-0.9706316,-0.51424617,0.026391933,-1.6876063,0.8660254,0.5,0.0033832015,0.0012638775,0.0054140636,0.0,0.0,1.0,1.0,1.0,0.0,0.0,0.0,0.0
2015-01-01,2015-02-01,3M,EYW,TLH,0.0,0.0,-3.3942978,-4.297268,-2.2743402,-3.0295935,0.22211382,0.2243525,0.19367512,-0.48944452,0.34890947,0.026391933,-1.6876063,0.8660254,0.5,0.0033832015,0.0012638775,0.0007914527,1.0,0.0,1.0,1.0,1.0,1.0,0.0,0.0,0.0
2015-01-01,2015-02-01,3M,EYW,TPA,1882.0,7.5406218,0.17613485,0.27200153,1.0008142,1.1035602,0.22211382,0.2243525,0.19367512,-0.8015659,-0.58743334,0.0083254585,-1.6876063,0.8660254,0.5,0.0033832015,0.0012638775,0.009375091,0.0,0.0,1.0,1.0,1.0,0.0,0.0,0.0,0.0
2015-01-01,2015-02-01,3M,FLL,EYW,1919.0,7.5600805,0.14088067,0.28117022,0.97139746,1.0736825,0.22211382,0.2243525,0.19367512,-0.9560009,-0.81193006,0.026391933,-1.6876063,0.8660254,0.5,0.0033832015,0.011757919,0.0012751705,0.0,0.0,1.0,1.0,1.0,0.0,0.0,0.0,0.0
2015-01-01,2015-02-01,3M,FLL,GNV,0.0,0.0,-3.3942978,-4.297268,-2.2743402,-3.0295935,0.22211382,0.2243525,0.19367512,-0.73491496,0.34890947,0.026391933,-1.6876063,0.8660254,0.5,0.0033832015,0.011757919,0.0004131364,1.0,0.0,1.0,1.0,1.0,1.0,0.0,0.0,0.0
2015-01-01,2015-02-01,3M,FLL,JAX,1954.0,7.5781455,0.11450641,0.10335228,0.7539108,0.79873484,0.22211382,0.2243525,0.19367512,-0.67314094,-0.11263238,0.026391933,-1.6876063,0.8660254,0.5,0.0033832015,0.011757919,0.0044889767,0.0,0.0,1.0,1.0,1.0,0.0,0.0,0.0,0.0
2015-01-01,2015-02-01,3M,FLL,MCO,1866.0,7.5320883,0.19301097,0.34155807,1.0561106,1.1672401,0.22211382,0.2243525,0.19367512,-0.9039807,-0.80393106,-0.0069181295,-1.6876063,0.8660254,0.5,0.0033832015,0.011757919,0.015206996,0.0,0.0,1.0,1.0,1.0,0.0,0.0,0.0,0.0
2015-01-01,2015-02-01,3M,FLL,PNS,0.0,0.0,-3.3942978,-4.297268,-2.2743402,-3.0295935,0.22211382,0.2243525,0.19367512,-0.33826077,0.34890947,0.026391933,-1.6876063,0.8660254,0.5,0.0033832015,0.011757919,0.0018718186,1.0,0.0,1.0,1.0,1.0,1.0,0.0,0.0,0.0
2015-01-01,2015-02-01,3M,FLL,TLH,269.0,5.598422,-3.3942978,-4.297268,-2.2743402,-3.0295935,0.22211382,0.2243525,0.19367512,-0.55284417,0.34890947,0.026391933,-1.6876063,0.8660254,0.5,0.0033832015,0.011757919,0.0007914527,1.0,0.0,1.0,1.0,1.0,1.0,0.0,0.0,0.0
2015-01-01,2015-02-01,3M,FLL,TPA,2002.0,7.6024013,0.10247915,0.18495233,0.8747157,0.92479753,0.22211382,0.2243525,0.19367512,-0.87146807,-0.5918919,-0.038868595,-1.6876063,0.8660254,0.5,0.0033832015,0.011757919,0.009375091,0.0,0.0,1.0,1.0,1.0,0.0,0.0,0.0,0.0
2015-01-01,2015-02-01,3M,GNV,FLL,0.0,0.0,-2.490908,-2.3251424,-2.2743402,-2.429075,0.22211382,0.2243525,0.19367512,-0.73491496,-2.353448,0.026391933,-1.6876063,0.8660254,0.5,0.0033832015,0.0004131364,0.011832265,0.0,0.0,1.0,1.0,1.0,1.0,0.0,0.0,0.0
2015-01-01,2015-02-01,3M,GNV,MCO,388.0,5.963579,-0.50546265,0.07562207,0.728682,0.7559427,0.22211382,0.2243525,0.19367512,-1.0210261,-2.2955065,-0.0005934341,-1.6876063,0.8660254,0.5,0.0033832015,0.0004131364,0.015206996,0.0,0.0,1.0,1.0,1.0,0.0,0.0,0.0,0.0
2015-01-01,2015-02-01,3M,IAD,CKB,212.0,5.3612924,-0.81633264,-0.43588793,0.10074389,-0.027001575,0.22211382,0.2243525,0.19367512,-0.9462471,-2.0577068,0.026391933,-1.6876063,0.8660254,0.5,0.0033832015,0.012677359,0.00035290697,0.0,0.0,1.0,1.0,1.0,0.0,0.0,0.0,0.0
2015-01-01,2015-02-01,3M,IAD,DUJ,112.0,4.727388,-0.8441404,-0.36863005,-0.015688667,0.07504151,0.22211382,0.2243525,0.19367512,-0.91210884,-2.2353895,0.7643379,-1.6876063,0.8660254,0.5,0.0033832015,0.012677359,0.00017692402,0.0,0.0,1.0,1.0,1.0,0.0,0.0,0.0,0.0
2015-01-01,2015-02-01,3M,IAD,JST,166.0,5.117994,-0.9253571,-0.43588793,0.45932814,-0.027001575,0.22211382,0.2243525,0.19367512,-0.9966417,-2.2826366,-0.85852444,-1.6876063,0.8660254,0.5,0.0033832015,0.012677359,0.00017974728,0.0,0.0,1.0,1.0,1.0,0.0,0.0,0.0,0.0
2015-01-01,2015-02-01,3M,IAD,LWB,134.0,4.905275,-0.8737205,-0.2293313,0.45932814,0.287407,0.22211382,0.2243525,0.19367512,-0.9056063,-2.4768353,-0.29539582,-1.6876063,0.8660254,0.5,0.0033832015,0.012677359,0.0001345752,0.0,0.0,1.0,1.0,1.0,0.0,0.0,0.0,0.0
2015-01-01,2015-02-01,3M,IAD,MGW,423.0,6.0497336,-0.45654893,-0.24178858,0.45932814,0.26836523,0.22211382,0.2243525,0.19367512,-0.9641291,-1.487714,-0.3356193,-1.6876063,0.8660254,0.5,0.0033832015,0.012677359,0.00019292247,0.0,0.0,1.0,1.0,1.0,0.0,0.0,0.0,0.0
2015-01-01,2015-02-01,3M,IAD,PKB,328.0,5.7960577,-0.525221,-0.21714763,0.44651836,0.3060392,0.22211382,0.2243525,0.19367512,-0.84220666,-1.7751862,-0.21959007,-1.6876063,0.8660254,0.5,0.0033832015,0.012677359,0.00015810232,0.0,0.0,1.0,1.0,1.0,0.0,0.0,0.0,0.0
2015-01-01,2015-02-01,3M,IAD,SHD,238.0,5.4764633,-0.6590981,-0.15994684,0.5082993,0.39362535,0.22211382,0.2243525,0.19367512,-1.043785,-2.214194,-0.1980127,-1.6876063,0.8660254,0.5,0.0033832015,0.012677359,0.00015810232,0.0,0.0,1.0,1.0,1.0,0.0,0.0,0.0,0.0
2015-01-01,2015-02-01,3M,JAX,EYW,0.0,0.0,-3.3942978,-4.297268,-2.2743402,-3.0295935,0.22211382,0.2243525,0.19367512,-0.5268341,0.34890947,0.026391933,-1.6876063,0.8660254,0.5,0.0033832015,0.0045350897,0.0012751705,1.0,0.0,1.0,1.0,1.0,1.0,0.0,0.0,0.0
2015-01-01,2015-02-01,3M,JAX,FLL,1879.0,7.539027,0.007934132,0.10335228,0.7621181,0.79873484,0.22211382,0.2243525,0.19367512,-0.67314094,-0.7314943,0.0007070655,-1.6876063,0.8660254,0.5,0.0033832015,0.0045350897,0.011832265,0.0,0.0,1.0,1.0,1.0,0.0,0.0,0.0,0.0
2015-01-01,2015-02-01,3M,JAX,TPA,981.0,6.889591,-0.18597715,0.053874988,0.69353044,0.7224018,0.22211382,0.2243525,0.19367512,-0.89747816,-1.4030776,0.026391933,-1.6876063,0.8660254,0.5,0.0033832015,0.0045350897,0.009375091,0.0,0.0,1.0,1.0,1.0,0.0,0.0,0.0,0.0
2015-01-01,2015-02-01,3M,JST,DUJ,88.0,4.4886365,-1.2517251,-0.43588793,0.45932814,-0.027001575,0.22211382,0.2243525,0.19367512,-1.0941796,-2.7116694,-0.85852444,-1.6876063,0.8660254,0.5,0.0033832015,0.00017692402,0.00017692402,0.0,0.0,1.0,1.0,1.0,0.0,0.0,0.0,0.0
2015-01-01,2015-02-01,3M,JST,IAD,195.0,5.278115,-0.6721031,-0.35301682,0.5082993,0.098779015,0.22211382,0.2243525,0.19367512,-0.9966417,-1.8692238,-0.75902426,-1.6876063,0.8660254,0.5,0.0033832015,0.00017692402,0.012609601,0.0,0.0,1.0,1.0,1.0,0.0,0.0,0.0,0.0
2015-01-01,2015-02-01,3M,LWB,IAD,21.0,3.0910425,-1.2163365,-0.56694096,0.10074389,-0.17419614,0.22211382,0.2243525,0.19367512,-0.9056063,-2.558312,-0.31745386,-1.6876063,0.8660254,0.5,0.0033832015,0.00015716124,0.012609601,0.0,0.0,1.0,1.0,1.0,0.0,0.0,0.0,0.0
2015-01-01,2015-02-01,3M,LWB,SHD,106.0,4.6728287,-1.12395,-0.7406792,-0.12557219,-0.4341962,0.22211382,0.2243525,0.19367512,-1.0502876,-2.1750495,-0.26431406,-1.6876063,0.8660254,0.5,0.0033832015,0.00015716124,0.00015810232,0.0,0.0,1.0,1.0,1.0,0.0,0.0,0.0,0.0
2015-01-01,2015-02-01,3M,MCO,EYW,1784.0,7.4871736,0.005182556,0.13617249,0.7939985,0.84941393,0.22211382,0.2243525,0.19367512,-0.7560482,-0.8825943,0.026391933,-1.6876063,0.8660254,0.5,0.0033832015,0.015051717,0.0012751705,0.0,0.0,1.0,1.0,1.0,0.0,0.0,0.0,0.0
2015-01-01,2015-02-01,3M,MCO,FLL,1818.0,7.506042,0.13697262,0.33713922,1.0561106,1.1603913,0.22211382,0.2243525,0.19367512,-0.9039807,-1.0518538,-0.02357316,-1.6876063,0.8660254,0.5,0.0033832015,0.015051717,0.011832265,0.0,0.0,1.0,1.0,1.0,0.0,0.0,0.0,0.0
2015-01-01,2015-02-01,3M,MCO,GNV,436.0,6.079933,-0.29562822,0.061219156,0.72006166,0.73372704,0.22211382,0.2243525,0.19367512,-1.0210261,-1.7842723,-0.028270733,-1.6876063,0.8660254,0.5,0.0033832015,0.015051717,0.0004131364,0.0,0.0,1.0,1.0,1.0,0.0,0.0,0.0,0.0
2015-01-01,2015-02-01,3M,MCO,PNS,1388.0,7.2363396,-0.006933071,0.0965486,0.7539108,0.78823334,0.22211382,0.2243525,0.19367512,-0.57235175,-0.7784246,0.00039383542,-1.6876063,0.8660254,0.5,0.0033832015,0.015051717,0.0018718186,0.0,0.0,1.0,1.0,1.0,0.0,0.0,0.0,0.0
2015-01-01,2015-02-01,3M,MCO,RSW,1112.0,7.0148144,-0.12613079,-0.060682517,0.5540032,0.54601085,0.22211382,0.2243525,0.19367512,-0.9755085,-0.71502435,0.026391933,-1.6876063,0.8660254,0.5,0.0033832015,0.015051717,0.0054140636,0.0,0.0,1.0,1.0,1.0,0.0,0.0,0.0,0.0
2015-01-01,2015-02-01,3M,MCO,TLH,524.0,6.263398,-0.64271843,-0.5550825,-0.041552283,-0.20689303,0.22211382,0.2243525,0.19367512,-0.8210735,-1.1964753,0.026391933,-1.6876063,0.8660254,0.5,0.0033832015,0.015051717,0.0007914527,0.0,0.0,1.0,1.0,1.0,0.0,0.0,0.0,0.0
2015-01-01,2015-02-01,3M,MGW,CKB,272.0,5.609472,-0.9141156,-0.43799505,0.3927414,0.07504151,0.22211382,0.2243525,0.19367512,-1.1445742,-2.2585092,-0.5509825,-1.6876063,0.8660254,0.5,0.0033832015,0.00018633487,0.00035290697,0.0,0.0,1.0,1.0,1.0,0.0,0.0,0.0,0.0
2015-01-01,2015-02-01,3M,MGW,IAD,339.0,5.8289456,-0.603563,-0.29543513,0.45932814,0.287407,0.22211382,0.2243525,0.19367512,-0.9641291,-1.8124102,-0.29539582,-1.6876063,0.8660254,0.5,0.0033832015,0.00018633487,0.012609601,0.0,0.0,1.0,1.0,1.0,0.0,0.0,0.0,0.0
2015-01-01,2015-02-01,3M,MGW,PKB,13.0,2.6390574,-1.705546,-1.5142194,-1.0464395,-1.477276,0.22211382,0.2243525,0.19367512,-1.0551645,-2.0452662,0.026391933,-1.6876063,0.8660254,0.5,0.0033832015,0.00018633487,0.00015810232,0.0,0.0,1.0,1.0,1.0,0.0,0.0,0.0,0.0
2015-01-01,2015-02-01,3M,PBI,TPA,1085.0,6.9902563,-0.11289424,0.03888834,0.6752546,0.69929737,0.22211382,0.2243525,0.19367512,-0.9088576,-1.0533396,0.026391933,-1.6876063,0.8660254,0.5,0.0033832015,0.00306982,0.009375091,0.0,0.0,1.0,1.0,1.0,0.0,0.0,0.0,0.0
2015-01-01,2015-02-01,3M,PKB,IAD,283.0,5.6489744,-0.6747484,-0.24178858,0.45932814,0.26836523,0.22211382,0.2243525,0.19367512,-0.84220666,-2.1039991,-0.3356193,-1.6876063,0.8660254,0.5,0.0033832015,0.00014492712,0.012609601,0.0,0.0,1.0,1.0,1.0,0.0,0.0,0.0,0.0
2015-01-01,2015-02-01,3M,PKB,MGW,165.0,5.1119876,-0.7986784,-0.60127693,-0.015688667,-0.27623922,0.22211382,0.2243525,0.19367512,-1.0551645,-1.6292171,-0.21959007,-1.6876063,0.8660254,0.5,0.0033832015,0.00014492712,0.00019292247,0.0,0.0,1.0,1.0,1.0,0.0,0.0,0.0,0.0
2015-01-01,2015-02-01,3M,PNS,EYW,0.0,0.0,-3.3942978,-4.297268,-2.2743402,-3.0295935,0.22211382,0.2243525,0.19367512,-0.33663514,0.34890947,0.026391933,-1.6876063,0.8660254,0.5,0.0033832015,0.0019122852,0.0012751705,1.0,0.0,1.0,1.0,1.0,1.0,0.0,0.0,0.0
2015-01-01,2015-02-01,3M,PNS,FLL,0.0,0.0,-3.3942978,-4.297268,-2.2743402,-3.0295935,0.22211382,0.2243525,0.19367512,-0.33826077,0.34890947,0.026391933,-1.6876063,0.8660254,0.5,0.0033832015,0.0019122852,0.011832265,1.0,0.0,1.0,1.0,1.0,1.0,0.0,0.0,0.0
2015-01-01,2015-02-01,3M,PNS,MCO,1475.0,7.297091,-0.044959314,0.062933154,0.7539108,0.78823334,0.22211382,0.2243525,0.19367512,-0.57235175,-0.8280426,0.00039383542,-1.6876063,0.8660254,0.5,0.0033832015,0.0019122852,0.015206996,0.0,0.0,1.0,1.0,1.0,0.0,0.0,0.0,0.0
2015-01-01,2015-02-01,3M,PNS,PBI,0.0,0.0,-3.3942978,-4.297268,-2.2743402,-3.0295935,0.22211382,0.2243525,0.19367512,-0.37239903,0.34890947,0.026391933,-1.6876063,0.8660254,0.5,0.0033832015,0.0019122852,0.0029343038,1.0,0.0,1.0,1.0,1.0,1.0,0.0,0.0,0.0
2015-01-01,2015-02-01,3M,PNS,TPA,1136.0,7.0361485,-0.18644023,-0.1554889,0.48425105,0.4422193,0.22211382,0.2243525,0.19367512,-0.655259,-0.61408275,-0.012368867,-1.6876063,0.8660254,0.5,0.0033832015,0.0019122852,0.009375091,0.0,0.0,1.0,1.0,1.0,0.0,0.0,0.0,0.0
2015-01-01,2015-02-01,3M,RSW,EYW,876.0,6.776507,-0.25900975,-0.09828445,0.5082993,0.48823178,0.22211382,0.2243525,0.19367512,-0.9706316,-1.189045,0.026391933,-1.6876063,0.8660254,0.5,0.0033832015,0.005533581,0.0012751705,0.0,0.0,1.0,1.0,1.0,0.0,0.0,0.0,0.0
2015-01-01,2015-02-01,3M,RSW,MCO,1140.0,7.0396605,-0.057072394,-0.06984674,0.5540032,0.5319233,0.22211382,0.2243525,0.19367512,-0.9755085,-0.2809691,-0.008556329,-1.6876063,0.8660254,0.5,0.0033832015,0.005533581,0.015206996,0.0,0.0,1.0,1.0,1.0,0.0,0.0,0.0,0.0
2015-01-01,2015-02-01,3M,RSW,PNS,0.0,0.0,-3.3942978,-4.297268,-2.2743402,-3.0295935,0.22211382,0.2243525,0.19367512,-0.4975727,0.34890947,0.026391933,-1.6876063,0.8660254,0.5,0.0033832015,0.005533581,0.0018718186,1.0,0.0,1.0,1.0,1.0,1.0,0.0,0.0,0.0
2015-01-01,2015-02-01,3M,SHD,IAD,311.0,5.7430034,-0.5611809,0.006696557,0.728682,0.6511536,0.22211382,0.2243525,0.19367512,-1.043785,-2.2921376,-0.24346173,-1.6876063,0.8660254,0.5,0.0033832015,0.00014210388,0.012609601,0.0,0.0,1.0,1.0,1.0,0.0,0.0,0.0,0.0
2015-01-01,2015-02-01,3M,TLH,FLL,291.0,5.676754,-3.3942978,-4.297268,-2.2743402,-3.0295935,0.22211382,0.2243525,0.19367512,-0.55284417,0.34890947,0.026391933,-1.6876063,0.8660254,0.5,0.0033832015,0.00079427595,0.011832265,1.0,0.0,1.0,1.0,1.0,1.0,0.0,0.0,0.0
2015-01-01,2015-02-01,3M,TLH,MCO,547.0,6.3062754,-0.6502065,-0.5550825,-0.041552283,-0.20689303,0.22211382,0.2243525,0.19367512,-0.8210735,-1.2274656,0.026391933,-1.6876063,0.8660254,0.5,0.0033832015,0.00079427595,0.015206996,0.0,0.0,1.0,1.0,1.0,0.0,0.0,0.0,0.0
2015-01-01,2015-02-01,3M,TLH,TPA,1070.0,6.976348,-0.1901617,-0.1935549,0.4065864,0.34214297,0.22211382,0.2243525,0.19367512,-0.86659116,-0.45690385,-0.017115086,-1.6876063,0.8660254,0.5,0.0033832015,0.00079427595,0.009375091,0.0,0.0,1.0,1.0,1.0,0.0,0.0,0.0,0.0
2015-01-01,2015-02-01,3M,TPA,EYW,1729.0,7.455877,0.018482313,0.26905885,1.0008142,1.1035602,0.22211382,0.2243525,0.19367512,-0.8015659,-1.3097191,0.0083254585,-1.6876063,0.8660254,0.5,0.0033832015,0.009431556,0.0012751705,0.0,0.0,1.0,1.0,1.0,0.0,0.0,0.0,0.0
2015-01-01,2015-02-01,3M,TPA,FLL,1928.0,7.564757,0.061156303,0.18495233,0.8677582,0.92479753,0.22211382,0.2243525,0.19367512,-0.87146807,-0.80800873,-0.017563613,-1.6876063,0.8660254,0.5,0.0033832015,0.009431556,0.011832265,0.0,0.0,1.0,1.0,1.0,0.0,0.0,0.0,0.0
2015-01-01,2015-02-01,3M,TPA,JAX,1039.0,6.946976,-0.09964017,0.053874988,0.69353044,0.7224018,0.22211382,0.2243525,0.19367512,-0.89747816,-1.050132,0.026391933,-1.6876063,0.8660254,0.5,0.0033832015,0.009431556,0.0044889767,0.0,0.0,1.0,1.0,1.0,0.0,0.0,0.0,0.0
2015-01-01,2015-02-01,3M,TPA,PBI,1105.0,7.0085053,-0.17364511,0.03888834,0.6752546,0.69929737,0.22211382,0.2243525,0.19367512,-0.9088576,-1.3080547,0.026391933,-1.6876063,0.8660254,0.5,0.0033832015,0.009431556,0.0029343038,0.0,0.0,1.0,1.0,1.0,0.0,0.0,0.0,0.0
2015-01-01,2015-02-01,3M,TPA,PNS,1156.0,7.0535855,-0.114875674,-0.20661518,0.48425105,0.42632225,0.22211382,0.2243525,0.19367512,-0.655259,0.088774696,-0.051129665,-1.6876063,0.8660254,0.5,0.0033832015,0.009431556,0.0018718186,0.0,0.0,1.0,1.0,1.0,0.0,0.0,0.0,0.0
2015-01-01,2015-02-01,3M,TPA,TLH,1091.0,6.995766,-0.12735304,-0.18212447,0.4065864,0.3596459,0.22211382,0.2243525,0.19367512,-0.86659116,-0.13194671,0.026391933,-1.6876063,0.8660254,0.5,0.0033832015,0.009431556,0.0007914527,0.0,0.0,1.0,1.0,1.0,0.0,0.0,0.0,0.0
2015-01-01,2015-02-01,4B,ABQ,SVC,224.0,5.4161005,-1.3104454,-0.6288721,0.8391997,0.9065576,0.22211382,0.2243525,0.19367512,-0.88609874,-2.608924,0.026391933,-1.6876063,0.8660254,0.5,0.003710699,0.0036260015,0.00017033643,0.0,0.0,1.0,1.0,1.0,0.0,0.0,0.0,0.0
2015-01-01,2015-02-01,4B,CVN,DFW,377.0,5.934894,-0.64271843,-0.7406792,0.7456039,0.73372704,0.22211382,0.2243525,0.19367512,-0.5999875,-0.42759556,-0.105203375,-1.6876063,0.8660254,0.5,0.003710699,0.00010351938,0.025600342,0.0,0.0,1.0,1.0,1.0,0.0,0.0,0.0,0.0
2015-01-01,2015-02-01,4B,DFW,CVN,349.0,5.857933,-0.6603823,-0.7406792,0.7456039,0.73372704,0.22211382,0.2243525,0.19367512,-0.5999875,-0.52868795,-0.105203375,-1.6876063,0.8660254,0.5,0.003710699,0.025126034,0.000101637204,0.0,0.0,1.0,1.0,1.0,0.0,0.0,0.0,0.0
2015-01-01,2015-02-01,4B,SVC,ABQ,232.0,5.4510384,-1.2610104,-0.6229474,0.8464517,0.9157255,0.22211382,0.2243525,0.19367512,-0.88609874,-2.5560665,0.026391933,-1.6876063,0.8660254,0.5,0.003710699,0.00016845425,0.003631648,0.0,0.0,1.0,1.0,1.0,0.0,0.0,0.0,0.0
2015-01-01,2015-02-01,4W,AKP,BTT,24.0,3.218876,-2.2035184,-1.6950115,-2.2743402,-0.8074114,0.22211382,0.2243525,0.19367512,-1.0535388,-2.6403954,0.026391933,-1.6876063,0.8660254,0.5,0.0025879843,0.00051477365,0.00038584493,0.0,0.0,1.0,1.0,1.0,1.0,0.0,0.0,0.0
2015-01-01,2015-02-01,4W,AKP,FAI,28.0,3.3672957,-1.9808763,-1.5033071,-2.2743402,-0.5254769,0.22211382,0.2243525,0.19367512,-0.77880704,-2.5543113,0.026391933,-1.6876063,0.8660254,0.5,0.0025879843,0.00051477365,0.0042518233,0.0,0.0,1.0,1.0,1.0,1.0,0.0,0.0,0.0
2015-01-01,2015-02-01,4W,BTT,AKP,9.0,2.3025851,-2.490908,-2.0744295,-2.2743402,-1.3437252,0.22211382,0.2243525,0.19367512,-1.0535388,-2.6403954,0.026391933,-1.6876063,0.8660254,0.5,0.0025879843,0.00040654882,0.00051853794,0.0,0.0,1.0,1.0,1.0,1.0,0.0,0.0,0.0
2015-01-01,2015-02-01,4W,BTT,FAI,35.0,3.583519,-1.6702695,-1.4718019,-2.2743402,-0.47863492,0.22211382,0.2243525,0.19367512,-0.9007294,-2.0441823,0.026391933,-1.6876063,0.8660254,0.5,0.0025879843,0.00040654882,0.0042518233,0.0,0.0,1.0,1.0,1.0,1.0,0.0,0.0,0.0
2015-01-01,2015-02-01,4W,CEM,FAI,6.0,1.9459101,-2.7507098,-2.1735485,-2.2743402,-1.477276,0.22211382,0.2243525,0.19367512,-1.0226518,-2.8355198,0.026391933,-1.6876063,0.8660254,0.5,0.0025879843,0.00017880619,0.0042518233,0.0,0.0,1.0,1.0,1.0,1.0,0.0,0.0,0.0
2015-01-01,2015-02-01,4W,CEM,IRC,6.0,1.9459101,-2.490908,-1.6102327,-2.2743402,-0.68343383,0.22211382,0.2243525,0.19367512,-1.1478255,-2.9191446,0.026391933,-1.6876063,0.8660254,0.5,0.0025879843,0.00017880619,0.00020139223,0.0,0.0,1.0,1.0,1.0,1.0,0.0,0.0,0.0
2015-01-01,2015-02-01,4W,CIK,FAI,8.0,2.1972246,-2.2810733,-1.7428137,-2.2743402,-0.87675756,0.22211382,0.2243525,0.19367512,-0.9104832,-2.684742,0.026391933,-1.6876063,0.8660254,0.5,0.0025879843,0.00021080309,0.0042518233,0.0,0.0,1.0,1.0,1.0,1.0,0.0,0.0,0.0
2015-01-01,2015-02-01,4W,CIK,FYU,41.0,3.7376697,-1.5781386,-1.3611104,-2.2743402,-0.31311136,0.22211382,0.2243525,0.19367512,-1.123441,-2.0417185,0.026391933,-1.6876063,0.8660254,0.5,0.0025879843,0.00021080309,0.0006587597,0.0,0.0,1.0,1.0,1.0,1.0,0.0,0.0,0.0
2015-01-01,2015-02-01,4W,CXF,BTT,2.0,1.0986123,-3.0725038,-3.0200408,-2.2743402,-2.429075,0.22211382,0.2243525,0.19367512,-1.1218153,-2.6403954,0.026391933,-1.6876063,0.8660254,0.5,0.0025879843,0.00023621239,0.00038584493,0.0,0.0,1.0,1.0,1.0,1.0,0.0,0.0,0.0
2015-01-01,2015-02-01,4W,CXF,FAI,21.0,3.0910425,-3.3942978,-2.664009,-2.2743402,-2.0777943,0.22211382,0.2243525,0.19367512,-0.89747816,-3.1282063,0.026391933,-1.6876063,0.8660254,0.5,0.0025879843,0.00023621239,0.0042518233,0.0,0.0,1.0,1.0,1.0,1.0,0.0,0.0,0.0
2015-01-01,2015-02-01,4W,FAI,AKP,33.0,3.5263605,-2.0035272,-1.3365746,-2.2743402,-0.27623922,0.22211382,0.2243525,0.19367512,-0.77880704,-2.7252321,0.026391933,-1.6876063,0.8660254,0.5,0.0025879843,0.004041961,0.00051853794,0.0,0.0,1.0,1.0,1.0,1.0,0.0,0.0,0.0
2015-01-01,2015-02-01,4W,FAI,BTT,31.0,3.465736,-1.8152897,-1.7428137,-2.2743402,-0.87675756,0.22211382,0.2243525,0.19367512,-0.9007294,-1.8421595,0.026391933,-1.6876063,0.8660254,0.5,0.0025879843,0.004041961,0.00038584493,0.0,0.0,1.0,1.0,1.0,1.0,0.0,0.0,0.0
2015-01-01,2015-02-01,4W,FAI,CEM,7.0,2.0794415,-2.490908,-1.6102327,-2.2743402,-0.68343383,0.22211382,0.2243525,0.19367512,-1.0226518,-2.9191446,0.026391933,-1.6876063,0.8660254,0.5,0.0025879843,0.004041961,0.00017880619,0.0,0.0,1.0,1.0,1.0,1.0,0.0,0.0,0.0
2015-01-01,2015-02-01,4W,FAI,CIK,5.0,1.7917595,-2.6471152,-1.9173814,-2.2743402,-1.1259953,0.22211382,0.2243525,0.19367512,-0.9104832,-2.884301,0.026391933,-1.6876063,0.8660254,0.5,0.0025879843,0.004041961,0.00019951008,0.0,0.0,1.0,1.0,1.0,1.0,0.0,0.0,0.0
2015-01-01,2015-02-01,4W,FAI,CXF,16.0,2.8332133,-2.2810733,-2.4489183,-2.2743402,-1.8285567,0.22211382,0.2243525,0.19367512,-0.89747816,-1.5021701,0.026391933,-1.6876063,0.8660254,0.5,0.0025879843,0.004041961,0.00025597517,0.0,0.0,1.0,1.0,1.0,1.0,0.0,0.0,0.0
2015-01-01,2015-02-01,4W,FAI,FAI,1.0,0.6931472,-3.3942978,-2.2943182,-2.2743402,-1.6352329,0.22211382,0.2243525,0.19367512,-1.1917175,-3.1282063,0.026391933,-1.6876063,0.8660254,0.5,0.0025879843,0.004041961,0.0042518233,0.0,0.0,1.0,1.0,1.0,1.0,0.0,0.0,0.0
2015-01-01,2015-02-01,4W,FAI,FYU,204.0,5.32301,-0.8557473,-0.6827833,-2.2743402,0.7224018,0.22211382,0.2243525,0.19367512,-0.9592522,-1.5932281,0.026391933,-1.6876063,0.8660254,0.5,0.0025879843,0.004041961,0.0006587597,0.0,0.0,1.0,1.0,1.0,1.0,0.0,0.0,0.0
2015-01-01,2015-02-01,4W,FAI,IRC,10.0,2.3978953,-2.0273402,-2.0744295,-2.2743402,-1.3437252,0.22211382,0.2243525,0.19367512,-0.98038536,-1.6647737,0.026391933,-1.6876063,0.8660254,0.5,0.0025879843,0.004041961,0.00020139223,0.0,0.0,1.0,1.0,1.0,1.0,0.0,0.0,0.0
2015-01-01,2015-02-01,4W,FAI,MLY,1.0,0.6931472,-2.490908,-2.1735485,-2.2743402,-1.477276,0.22211382,0.2243525,0.19367512,-1.0567901,-2.5428333,0.026391933,-1.6876063,0.8660254,0.5,0.0025879843,0.004041961,0.00018351163,0.0,0.0,1.0,1.0,1.0,1.0,0.0,0.0,0.0
2015-01-01,2015-02-01,4W,FAI,MNT,0.0,0.0,-2.1370838,-2.0744295,-2.2743402,-1.3437252,0.22211382,0.2243525,0.19367512,-1.110436,-1.9899809,0.026391933,-1.6876063,0.8660254,0.5,0.0025879843,0.004041961,0.00016845425,0.0,0.0,1.0,1.0,1.0,1.0,0.0,0.0,0.0
2015-01-01,2015-02-01,4W,FAI,SVS,27.0,3.3322046,-2.0273402,-1.852893,-2.2743402,-1.0347146,0.22211382,0.2243525,0.19367512,-1.0454106,-2.1525846,0.026391933,-1.6876063,0.8660254,0.5,0.0025879843,0.004041961,0.00018162945,0.0,0.0,1.0,1.0,1.0,1.0,0.0,0.0,0.0
2015-01-01,2015-02-01,4W,FAI,TAL,71.0,4.276666,-1.2950544,-0.9184629,-2.2743402,0.3596459,0.22211382,0.2243525,0.19367512,-0.9852623,-2.222272,0.026391933,-1.6876063,0.8660254,0.5,0.0025879843,0.004041961,0.00038584493,0.0,0.0,1.0,1.0,1.0,1.0,0.0,0.0,0.0
2015-01-01,2015-02-01,4W,FAI,WBQ,37.0,3.637586,-1.6068642,-1.5722542,-2.2743402,-0.62751997,0.22211382,0.2243525,0.19367512,-1.0161493,-1.632253,0.026391933,-1.6876063,0.8660254,0.5,0.0025879843,0.004041961,0.00019668681,0.0,0.0,1.0,1.0,1.0,1.0,0.0,0.0,0.0
2015-01-01,2015-02-01,4W,FYU,CIK,41.0,3.7376697,-1.6168486,-1.2688757,-2.2743402,-0.17419614,0.22211382,0.2243525,0.19367512,-1.123441,-2.2839184,0.026391933,-1.6876063,0.8660254,0.5,0.0025879843,0.0007095783,0.00019951008,0.0,0.0,1.0,1.0,1.0,1.0,0.0,0.0,0.0
2015-01-01,2015-02-01,4W,FYU,FAI,227.0,5.4293456,-0.84223384,-0.7053928,-2.2743402,0.68750995,0.22211382,0.2243525,0.19367512,-0.9592522,-1.4818447,0.026391933,-1.6876063,0.8660254,0.5,0.0025879843,0.0007095783,0.0042518233,0.0,0.0,1.0,1.0,1.0,1.0,0.0,0.0,0.0
2015-01-01,2015-02-01,4W,IRC,CEM,5.0,1.7917595,-2.7507098,-2.1735485,-2.2743402,-1.477276,0.22211382,0.2243525,0.19367512,-1.1478255,-2.8355198,0.026391933,-1.6876063,0.8660254,0.5,0.0025879843,0.00018257054,0.00017880619,0.0,0.0,1.0,1.0,1.0,1.0,0.0,0.0,0.0
2015-01-01,2015-02-01,4W,IRC,FAI,18.0,2.944439,-1.9808763,-1.53671,-2.2743402,-0.5749969,0.22211382,0.2243525,0.19367512,-0.98038536,-2.5184429,0.026391933,-1.6876063,0.8660254,0.5,0.0025879843,0.00018257054,0.0042518233,0.0,0.0,1.0,1.0,1.0,1.0,0.0,0.0,0.0
2015-01-01,2015-02-01,4W,MLY,FAI,4.0,1.609438,-2.5624723,-1.9903659,-2.2743402,-1.2280383,0.22211382,0.2243525,0.19367512,-1.0567901,-2.77977,0.026391933,-1.6876063,0.8660254,0.5,0.0025879843,0.00018821705,0.0042518233,0.0,0.0,1.0,1.0,1.0,1.0,0.0,0.0,0.0
2015-01-01,2015-02-01,4W,MLY,MNT,0.0,0.0,-2.4289157,-2.1735485,-2.2743402,-1.477276,0.22211382,0.2243525,0.19367512,-1.128318,-2.445271,0.026391933,-1.6876063,0.8660254,0.5,0.0025879843,0.00018821705,0.00016845425,0.0,0.0,1.0,1.0,1.0,1.0,0.0,0.0,0.0
2015-01-01,2015-02-01,4W,MNT,FAI,10.0,2.3978953,-2.1071217,-2.0744295,-2.2743402,-1.3437252,0.22211382,0.2243525,0.19367512,-1.110436,-1.9086791,0.026391933,-1.6876063,0.8660254,0.5,0.0025879843,0.00017410077,0.0042518233,0.0,0.0,1.0,1.0,1.0,1.0,0.0,0.0,0.0
2015-01-01,2015-02-01,4W,MNT,MLY,1.0,0.6931472,-2.6471152,-2.1735485,-2.2743402,-1.477276,0.22211382,0.2243525,0.19367512,-1.128318,-2.7379577,0.026391933,-1.6876063,0.8660254,0.5,0.0025879843,0.00017410077,0.00018351163,0.0,0.0,1.0,1.0,1.0,1.0,0.0,0.0,0.0
2015-01-01,2015-02-01,4W,SVS,FAI,37.0,3.637586,-1.7437252,-1.651004,-2.2743402,-0.74320686,0.22211382,0.2243525,0.19367512,-1.0454106,-1.8523933,0.026391933,-1.6876063,0.8660254,0.5,0.0025879843,0.00018162945,0.0042518233,0.0,0.0,1.0,1.0,1.0,1.0,0.0,0.0,0.0
2015-01-01,2015-02-01,4W,SVS,WBQ,20.0,3.0445225,-2.1071217,-1.852893,-2.2743402,-1.0347146,0.22211382,0.2243525,0.19367512,-1.1071846,-2.3151882,0.026391933,-1.6876063,0.8660254,0.5,0.0025879843,0.00018162945,0.00019668681,0.0,0.0,1.0,1.0,1.0,1.0,0.0,0.0,0.0
2015-01-01,2015-02-01,4W,TAL,FAI,72.0,4.2904596,-1.2471511,-0.9534259,-2.2743402,0.3060392,0.22211382,0.2243525,0.19367512,-0.9852623,-2.0571434,0.026391933,-1.6876063,0.8660254,0.5,0.0025879843,0.00037078757,0.0042518233,0.0,0.0,1.0,1.0,1.0,1.0,0.0,0.0,0.0
2015-01-01,2015-02-01,4W,WBQ,FAI,29.0,3.4011974,-1.8310286,-1.7428137,-2.2743402,-0.87675756,0.22211382,0.2243525,0.19367512,-1.0161493,-1.886506,0.026391933,-1.6876063,0.8660254,0.5,0.0025879843,0.00019292247,0.0042518233,0.0,0.0,1.0,1.0,1.0,1.0,0.0,0.0,0.0
2015-01-01,2015-02-01,4W,WBQ,SVS,39.0,3.6888795,-1.8999326,-1.651004,-2.2743402,-0.74320686,0.22211382,0.2243525,0.19367512,-1.1071846,-2.2276325,0.026391933,-1.6876063,0.8660254,0.5,0.0025879843,0.00019292247,0.00018162945,0.0,0.0,1.0,1.0,1.0,1.0,0.0,0.0,0.0
2015-01-01,2015-02-01,4Y (1),AKI,BET,29.0,3.4011974,-1.8999326,-1.9173814,-2.2743402,-0.68343383,0.22211382,0.2243525,0.19367512,-1.1559536,-1.6647737,0.026391933,-1.6876063,0.8660254,0.5,0.0034782512,0.0005872372,0.0071814214,0.0,0.0,1.0,1.0,1.0,1.0,0.0,0.0,0.0
2015-01-01,2015-02-01,4Y (1),AKI,KKI,8.0,2.1972246,-2.0789766,-1.8950417,-2.2743402,-0.74320686,0.22211382,0.2243525,0.19367512,-1.1770868,-2.1916094,0.026391933,-1.6876063,0.8660254,0.5,0.0034782512,0.0005872372,0.00061452866,0.0,0.0,1.0,1.0,1.0,1.0,0.0,0.0,0.0
2015-01-01,2015-02-01,4Y (1),AKI,KWT,1.0,0.6931472,-2.5624723,-2.664009,-2.2743402,-1.8285567,0.22211382,0.2243525,0.19367512,-1.1738356,-1.9086791,0.026391933,-1.6876063,0.8660254,0.5,0.0034782512,0.0005872372,0.0006549953,0.0,0.0,1.0,1.0,1.0,1.0,0.0,0.0,0.0
2015-01-01,2015-02-01,4Y (1),AKI,TLT,11.0,2.4849067,-2.4289157,-1.9173814,-2.2743402,-0.74320686,0.22211382,0.2243525,0.19367512,-1.1657075,-2.701372,0.026391933,-1.6876063,0.8660254,0.5,0.0034782512,0.0005872372,0.00061452866,0.0,0.0,1.0,1.0,1.0,1.0,0.0,0.0,0.0
2015-01-01,2015-02-01,4Y (1),ATT,BET,119.0,4.787492,-1.2037315,-1.1716913,-2.2743402,0.41012803,0.22211382,0.2243525,0.19367512,-1.1657075,-1.3815287,0.026391933,-1.6876063,0.8660254,0.5,0.0034782512,0.00068416895,0.0071814214,0.0,0.0,1.0,1.0,1.0,1.0,0.0,0.0,0.0
2015-01-01,2015-02-01,4Y (1),ATT,KUK,9.0,2.3025851,-1.9386426,-1.852893,-2.2743402,-0.62751997,0.22211382,0.2243525,0.19367512,-1.1787125,-1.9357798,0.026391933,-1.6876063,0.8660254,0.5,0.0034782512,0.00068416895,0.0006756992,0.0,0.0,1.0,1.0,1.0,1.0,0.0,0.0,0.0
2015-01-01,2015-02-01,4Y (1),ATT,NUP,41.0,3.7376697,-1.6590823,-1.623493,-2.2743402,-0.35162282,0.22211382,0.2243525,0.19367512,-1.1819638,-1.6647737,0.026391933,-1.6876063,0.8660254,0.5,0.0034782512,0.00068416895,0.00067852245,0.0,0.0,1.0,1.0,1.0,1.0,0.0,0.0,0.0
2015-01-01,2015-02-01,4Y (1),ATT,PQS,0.0,0.0,-2.6471152,-2.874509,-2.2743402,-2.0777943,0.22211382,0.2243525,0.19367512,-1.0665439,-1.6647737,0.026391933,-1.6876063,0.8660254,0.5,0.0034782512,0.00068416895,0.000541124,0.0,0.0,1.0,1.0,1.0,1.0,0.0,0.0,0.0
2015-01-01,2015-02-01,4Y (1),BET,AKI,6.0,1.9459101,-2.1691136,-2.0449698,-2.2743402,-0.87675756,0.22211382,0.2243525,0.19367512,-1.1559536,-2.1269104,0.026391933,-1.6876063,0.8660254,0.5,0.0034782512,0.007099547,0.00057876745,0.0,0.0,1.0,1.0,1.0,1.0,0.0,0.0,0.0
2015-01-01,2015-02-01,4Y (1),BET,ATT,109.0,4.7004805,-1.1309842,-1.0689105,-2.2743402,0.54601085,0.22211382,0.2243525,0.19367512,-1.1657075,-1.4295793,0.026391933,-1.6876063,0.8660254,0.5,0.0034782512,0.007099547,0.0006465256,0.0,0.0,1.0,1.0,1.0,1.0,0.0,0.0,0.0
2015-01-01,2015-02-01,4Y (1),BET,CYF,26.0,3.295837,-1.8817244,-1.584627,-2.2743402,-0.31311136,0.22211382,0.2243525,0.19367512,-1.0372825,-2.2967105,0.026391933,-1.6876063,0.8660254,0.5,0.0034782512,0.007099547,0.0008403891,0.0,0.0,1.0,1.0,1.0,1.0,0.0,0.0,0.0
2015-01-01,2015-02-01,4Y (1),BET,EEK,96.0,4.574711,-1.3961327,-1.1776665,-2.2743402,0.39362535,0.22211382,0.2243525,0.19367512,-1.1266923,-1.9670044,0.026391933,-1.6876063,0.8660254,0.5,0.0034782512,0.007099547,0.00074910384,0.0,0.0,1.0,1.0,1.0,1.0,0.0,0.0,0.0
2015-01-01,2015-02-01,4Y (1),BET,GNU,54.0,4.0073333,-1.5510871,-1.2412505,-2.2743402,0.20859225,0.22211382,0.2243525,0.19367512,-1.0047699,-2.200176,0.026391933,-1.6876063,0.8660254,0.5,0.0034782512,0.007099547,0.0003952558,0.0,0.0,1.0,1.0,1.0,1.0,0.0,0.0,0.0
2015-01-01,2015-02-01,4Y (1),BET,KKH,93.0,4.543295,-1.485822,-1.1837068,-2.2743402,0.3060392,0.22211382,0.2243525,0.19367512,-1.0828001,-2.1633058,0.026391933,-1.6876063,0.8660254,0.5,0.0034782512,0.007099547,0.0007669845,0.0,0.0,1.0,1.0,1.0,1.0,0.0,0.0,0.0
2015-01-01,2015-02-01,4Y (1),BET,KKI,61.0,4.1271343,-1.5255257,-1.4616857,-2.2743402,-0.00034209088,0.22211382,0.2243525,0.19367512,-1.167333,-1.6647737,0.026391933,-1.6876063,0.8660254,0.5,0.0034782512,0.007099547,0.00061452866,0.0,0.0,1.0,1.0,1.0,1.0,0.0,0.0,0.0
2015-01-01,2015-02-01,4Y (1),BET,KLG,4.0,1.609438,-3.0725038,-2.5826893,-2.2743402,-1.6352329,0.22211382,0.2243525,0.19367512,-1.074672,-2.9191446,0.026391933,-1.6876063,0.8660254,0.5,0.0034782512,0.007099547,0.00045077983,0.0,0.0,1.0,1.0,1.0,1.0,0.0,0.0,0.0
2015-01-01,2015-02-01,4Y (1),BET,KPN,82.0,4.4188404,-1.3599391,-1.1045998,-2.2743402,0.42632225,0.22211382,0.2243525,0.19367512,-1.0372825,-2.0271475,0.026391933,-1.6876063,0.8660254,0.5,0.0034782512,0.007099547,0.0009194403,0.0,0.0,1.0,1.0,1.0,1.0,0.0,0.0,0.0
2015-01-01,2015-02-01,4Y (1),BET,KUK,75.0,4.3307333,-1.7306468,-1.3956102,-2.2743402,0.07504151,0.22211382,0.2243525,0.19367512,-1.1527023,-2.3020751,0.026391933,-1.6876063,0.8660254,0.5,0.0034782512,0.007099547,0.0006756992,0.0,0.0,1.0,1.0,1.0,1.0,0.0,0.0,0.0
2015-01-01,2015-02-01,4Y (1),BET,KWK,36.0,3.6109178,-1.8817244,-1.6799511,-2.2743402,-0.4341962,0.22211382,0.2243525,0.19367512,-1.0665439,-2.1394005,0.026391933,-1.6876063,0.8660254,0.5,0.0034782512,0.007099547,0.0007914527,0.0,0.0,1.0,1.0,1.0,1.0,0.0,0.0,0.0
2015-01-01,2015-02-01,4Y (1),BET,KWN,34.0,3.5553482,-1.6270523,-1.4718019,-2.2743402,-0.1122866,0.22211382,0.2243525,0.19367512,-1.0762976,-1.9357798,0.026391933,-1.6876063,0.8660254,0.5,0.0034782512,0.007099547,0.00078768836,0.0,0.0,1.0,1.0,1.0,1.0,0.0,0.0,0.0
2015-01-01,2015-02-01,4Y (1),BET,KWT,122.0,4.8121843,-1.5012984,-1.2905368,-2.2743402,0.24889556,0.22211382,0.2243525,0.19367512,-1.1705843,-1.9964851,0.026391933,-1.6876063,0.8660254,0.5,0.0034782512,0.007099547,0.0006549953,0.0,0.0,1.0,1.0,1.0,1.0,0.0,0.0,0.0
2015-01-01,2015-02-01,4Y (1),BET,MLL,12.0,2.5649493,-1.9808763,-1.3130782,-2.2743402,0.12188345,0.22211382,0.2243525,0.19367512,-1.0697951,-2.7216973,0.026391933,-1.6876063,0.8660254,0.5,0.0034782512,0.007099547,0.00044231006,0.0,0.0,1.0,1.0,1.0,1.0,0.0,0.0,0.0
2015-01-01,2015-02-01,4Y (1),BET,NME,28.0,3.3672957,-2.4289157,-1.5142194,-2.2743402,-0.20689303,0.22211382,0.2243525,0.19367512,-1.0291543,-2.9233258,0.026391933,-1.6876063,0.8660254,0.5,0.0034782512,0.007099547,0.0009307333,0.0,0.0,1.0,1.0,1.0,1.0,0.0,0.0,0.0
2015-01-01,2015-02-01,4Y (1),BET,NUP,119.0,4.787492,-1.224934,-1.1371318,-2.2743402,0.4422193,0.22211382,0.2243525,0.19367512,-1.1559536,-1.5612987,0.026391933,-1.6876063,0.8660254,0.5,0.0034782512,0.007099547,0.00067852245,0.0,0.0,1.0,1.0,1.0,1.0,0.0,0.0,0.0
2015-01-01,2015-02-01,4Y (1),BET,OOK,38.0,3.6635616,-1.8310286,-1.4136996,-2.2743402,-0.05450753,0.22211382,0.2243525,0.19367512,-1.0096468,-2.445271,0.026391933,-1.6876063,0.8660254,0.5,0.0034782512,0.007099547,0.0010963643,0.0,0.0,1.0,1.0,1.0,1.0,0.0,0.0,0.0
2015-01-01,2015-02-01,4Y (1),BET,PKA,63.0,4.158883,-1.7306468,-1.53671,-2.2743402,-0.027001575,0.22211382,0.2243525,0.19367512,-1.1819638,-2.06112,0.026391933,-1.6876063,0.8660254,0.5,0.0034782512,0.007099547,0.00038678604,0.0,0.0,1.0,1.0,1.0,1.0,0.0,0.0,0.0
2015-01-01,2015-02-01,4Y (1),BET,PQS,52.0,3.9702919,-1.5875177,-1.8329617,-2.2743402,-0.62751997,0.22211382,0.2243525,0.19367512,-1.0502876,-0.61946476,0.026391933,-1.6876063,0.8660254,0.5,0.0034782512,0.007099547,0.000541124,0.0,0.0,1.0,1.0,1.0,1.0,0.0,0.0,0.0
2015-01-01,2015-02-01,4Y (1),BET,PTU,12.0,2.5649493,-2.3253212,-1.9649556,-2.2743402,-0.87675756,0.22211382,0.2243525,0.19367512,-0.99339044,-2.5295293,0.026391933,-1.6876063,0.8660254,0.5,0.0034782512,0.007099547,0.0002992651,0.0,0.0,1.0,1.0,1.0,1.0,0.0,0.0,0.0
2015-01-01,2015-02-01,4Y (1),BET,TLT,39.0,3.6888795,-1.705546,-1.5601513,-2.2743402,-0.082915485,0.22211382,0.2243525,0.19367512,-1.1315691,-1.9510975,0.026391933,-1.6876063,0.8660254,0.5,0.0034782512,0.007099547,0.00061452866,0.0,0.0,1.0,1.0,1.0,1.0,0.0,0.0,0.0
2015-01-01,2015-02-01,4Y (1),BET,TNK,15.0,2.7725887,-2.8842664,-1.584627,-2.2743402,-0.31311136,0.22211382,0.2243525,0.19367512,-1.0015186,-3.0616868,0.026391933,-1.6876063,0.8660254,0.5,0.0034782512,0.007099547,0.00090720615,0.0,0.0,1.0,1.0,1.0,1.0,0.0,0.0,0.0
2015-01-01,2015-02-01,4Y (1),BET,WNA,80.0,4.394449,-1.4934957,-1.0689105,-2.2743402,0.62603986,0.22211382,0.2243525,0.19367512,-1.1787125,-2.357291,0.026391933,-1.6876063,0.8660254,0.5,0.0034782512,0.007099547,0.00042631163,0.0,0.0,1.0,1.0,1.0,1.0,0.0,0.0,0.0
2015-01-01,2015-02-01,4Y (1),BET,WTL,87.0,4.477337,-1.2610104,-1.1206274,-2.2743402,0.42632225,0.22211382,0.2243525,0.19367512,-1.123441,-1.7221633,0.026391933,-1.6876063,0.8660254,0.5,0.0034782512,0.007099547,0.0010003736,0.0,0.0,1.0,1.0,1.0,1.0,0.0,0.0,0.0
2015-01-01,2015-02-01,4Y (1),BET,WWT,28.0,3.3672957,-1.485822,-1.1776665,-2.2743402,0.3060392,0.22211382,0.2243525,0.19367512,-1.0372825,-2.1737938,0.026391933,-1.6876063,0.8660254,0.5,0.0034782512,0.007099547,0.0007585147,0.0,0.0,1.0,1.0,1.0,1.0,0.0,0.0,0.0
2015-01-01,2015-02-01,4Y (1),CYF,BET,37.0,3.637586,-1.8000671,-1.2345539,-2.2743402,0.22897825,0.22211382,0.2243525,0.19367512,-1.0372825,-2.5992548,0.026391933,-1.6876063,0.8660254,0.5,0.0034782512,0.00083003717,0.0071814214,0.0,0.0,1.0,1.0,1.0,1.0,0.0,0.0,0.0
2015-01-01,2015-02-01,4Y (1),CYF,KKH,1.0,0.6931472,-3.0725038,-3.2178857,-2.2743402,-2.429075,0.22211382,0.2243525,0.19367512,-1.110436,-2.39649,0.026391933,-1.6876063,0.8660254,0.5,0.0034782512,0.00083003717,0.0007669845,0.0,0.0,1.0,1.0,1.0,1.0,0.0,0.0,0.0
2015-01-01,2015-02-01,4Y (1),CYF,KPN,33.0,3.5263605,-1.8473197,-1.6370779,-2.2743402,-0.39192614,0.22211382,0.2243525,0.19367512,-1.1640818,-2.1403894,0.026391933,-1.6876063,0.8660254,0.5,0.0034782512,0.00083003717,0.0009194403,0.0,0.0,1.0,1.0,1.0,1.0,0.0,0.0,0.0
2015-01-01,2015-02-01,4Y (1),CYF,KWK,4.0,1.609438,-2.2810733,-2.664009,-2.2743402,-1.8285567,0.22211382,0.2243525,0.19367512,-1.1218153,-0.689152,0.026391933,-1.6876063,0.8660254,0.5,0.0034782512,0.00083003717,0.0007914527,0.0,0.0,1.0,1.0,1.0,1.0,0.0,0.0,0.0
2015-01-01,2015-02-01,4Y (1),CYF,NME,5.0,1.7917595,-2.2035184,-2.2109578,-2.2743402,-1.2280383,0.22211382,0.2243525,0.19367512,-1.1478255,-1.8738356,0.026391933,-1.6876063,0.8660254,0.5,0.0034782512,0.00083003717,0.0009307333,0.0,0.0,1.0,1.0,1.0,1.0,0.0,0.0,0.0
2015-01-01,2015-02-01,4Y (1),CYF,OOK,19.0,2.9957323,-2.2810733,-2.511781,-2.2743402,-1.6352329,0.22211382,0.2243525,0.19367512,-1.128318,-1.2989156,0.026391933,-1.6876063,0.8660254,0.5,0.0034782512,0.00083003717,0.0010963643,0.0,0.0,1.0,1.0,1.0,1.0,0.0,0.0,0.0
2015-01-01,2015-02-01,4Y (1),CYF,TNK,3.0,1.3862944,-2.5624723,-2.874509,-2.2743402,-2.0777943,0.22211382,0.2243525,0.19367512,-1.1169385,-1.2989156,0.026391933,-1.6876063,0.8660254,0.5,0.0034782512,0.00083003717,0.00090720615,0.0,0.0,1.0,1.0,1.0,1.0,0.0,0.0,0.0
2015-01-01,2015-02-01,4Y (1),EEK,BET,115.0,4.75359,-1.2426218,-1.1371318,-2.2743402,0.48823178,0.22211382,0.2243525,0.19367512,-1.1266923,-1.6204274,0.026391933,-1.6876063,0.8660254,0.5,0.0034782512,0.0007462806,0.0071814214,0.0,0.0,1.0,1.0,1.0,1.0,0.0,0.0,0.0
2015-01-01,2015-02-01,4Y (1),EEK,GNU,8.0,2.1972246,-2.7507098,-3.0200408,-2.2743402,-2.0777943,0.22211382,0.2243525,0.19367512,-1.0649183,-1.6647737,0.026391933,-1.6876063,0.8660254,0.5,0.0034782512,0.0007462806,0.0003952558,0.0,0.0,1.0,1.0,1.0,1.0,0.0,0.0,0.0
2015-01-01,2015-02-01,4Y (1),EEK,KWN,77.0,4.356709,-1.5092344,-1.4045812,-2.2743402,0.050635252,0.22211382,0.2243525,0.19367512,-1.1396973,-1.7607366,0.026391933,-1.6876063,0.8660254,0.5,0.0034782512,0.0007462806,0.00078768836,0.0,0.0,1.0,1.0,1.0,1.0,0.0,0.0,0.0
2015-01-01,2015-02-01,4Y (1),EEK,WNA,3.0,1.3862944,-2.6471152,-2.874509,-2.2743402,-2.0777943,0.22211382,0.2243525,0.19367512,-1.1380717,-1.6647737,0.026391933,-1.6876063,0.8660254,0.5,0.0034782512,0.0007462806,0.00042631163,0.0,0.0,1.0,1.0,1.0,1.0,0.0,0.0,0.0
2015-01-01,2015-02-01,4Y (1),EEK,WTL,1.0,0.6931472,-2.5624723,-2.3924603,-2.2743402,-1.477276,0.22211382,0.2243525,0.19367512,-1.154328,-2.39649,0.026391933,-1.6876063,0.8660254,0.5,0.0034782512,0.0007462806,0.0010003736,0.0,0.0,1.0,1.0,1.0,1.0,0.0,0.0,0.0
2015-01-01,2015-02-01,4Y (1),GNU,BET,22.0,3.1354942,-1.6481582,-1.4926053,-2.2743402,-0.17419614,0.22211382,0.2243525,0.19367512,-1.0047699,-1.9462031,0.026391933,-1.6876063,0.8660254,0.5,0.0034782512,0.00039713798,0.0071814214,0.0,0.0,1.0,1.0,1.0,1.0,0.0,0.0,0.0
2015-01-01,2015-02-01,4Y (1),GNU,EEK,1.0,0.6931472,-2.8842664,-3.5283005,-2.2743402,-2.429075,0.22211382,0.2243525,0.19367512,-1.0649183,-0.20134117,0.026391933,-1.6876063,0.8660254,0.5,0.0034782512,0.00039713798,0.00074910384,0.0,0.0,1.0,1.0,1.0,1.0,0.0,0.0,0.0
2015-01-01,2015-02-01,4Y (1),GNU,KWN,16.0,2.8332133,-1.8310286,-1.7264177,-2.2743402,-0.5254769,0.22211382,0.2243525,0.19367512,-1.1185641,-1.9230266,0.026391933,-1.6876063,0.8660254,0.5,0.0034782512,0.00039713798,0.00078768836,0.0,0.0,1.0,1.0,1.0,1.0,0.0,0.0,0.0
2015-01-01,2015-02-01,4Y (1),GNU,PTU,53.0,3.988984,-1.6934869,-1.3780922,-2.2743402,-0.00034209088,0.22211382,0.2243525,0.19367512,-1.1738356,-2.2592933,0.026391933,-1.6876063,0.8660254,0.5,0.0034782512,0.00039713798,0.0002992651,0.0,0.0,1.0,1.0,1.0,1.0,0.0,0.0,0.0
2015-01-01,2015-02-01,4Y (1),KKH,BET,67.0,4.2195077,-1.7853277,-1.3611104,-2.2743402,0.050635252,0.22211382,0.2243525,0.19367512,-1.0828001,-2.4408364,0.026391933,-1.6876063,0.8660254,0.5,0.0034782512,0.0008046279,0.0071814214,0.0,0.0,1.0,1.0,1.0,1.0,0.0,0.0,0.0
2015-01-01,2015-02-01,4Y (1),KKH,EEK,0.0,0.0,-2.3253212,-2.874509,-2.2743402,-2.0777943,0.22211382,0.2243525,0.19367512,-1.136446,0.16451697,0.026391933,-1.6876063,0.8660254,0.5,0.0034782512,0.0008046279,0.00074910384,0.0,0.0,1.0,1.0,1.0,1.0,0.0,0.0,0.0
2015-01-01,2015-02-01,4Y (1),KKH,KPN,2.0,1.0986123,-1.9808763,-2.0744295,-2.2743402,-1.0347146,0.22211382,0.2243525,0.19367512,-1.1266923,-1.5021701,0.026391933,-1.6876063,0.8660254,0.5,0.0034782512,0.0008046279,0.0009194403,0.0,0.0,1.0,1.0,1.0,1.0,0.0,0.0,0.0
2015-01-01,2015-02-01,4Y (1),KKH,KWK,54.0,4.0073333,-1.6702695,-1.386782,-2.2743402,-0.00034209088,0.22211382,0.2243525,0.19367512,-1.17221,-2.1990428,0.026391933,-1.6876063,0.8660254,0.5,0.0034782512,0.0008046279,0.0007914527,0.0,0.0,1.0,1.0,1.0,1.0,0.0,0.0,0.0
2015-01-01,2015-02-01,4Y (1),KKH,KWN,0.0,0.0,-3.3942978,-3.2178857,-2.2743402,-2.429075,0.22211382,0.2243525,0.19367512,-1.128318,-3.1282063,0.026391933,-1.6876063,0.8660254,0.5,0.0034782512,0.0008046279,0.00078768836,0.0,0.0,1.0,1.0,1.0,1.0,0.0,0.0,0.0
2015-01-01,2015-02-01,4Y (1),KKH,WTL,47.0,3.871201,-1.7437252,-1.6799511,-2.2743402,-0.4341962,0.22211382,0.2243525,0.19367512,-1.1478255,-1.7834305,0.026391933,-1.6876063,0.8660254,0.5,0.0034782512,0.0008046279,0.0010003736,0.0,0.0,1.0,1.0,1.0,1.0,0.0,0.0,0.0
2015-01-01,2015-02-01,4Y (1),KKI,AKI,18.0,2.944439,-2.1370838,-1.8950417,-2.2743402,-0.68343383,0.22211382,0.2243525,0.19367512,-1.1770868,-2.308684,0.026391933,-1.6876063,0.8660254,0.5,0.0034782512,0.0006032356,0.00057876745,0.0,0.0,1.0,1.0,1.0,1.0,0.0,0.0,0.0
2015-01-01,2015-02-01,4Y (1),KKI,BET,99.0,4.6051702,-1.4153459,-1.4718019,-2.2743402,-0.05450753,0.22211382,0.2243525,0.19367512,-1.167333,-1.2311641,0.026391933,-1.6876063,0.8660254,0.5,0.0034782512,0.0006032356,0.0071814214,0.0,0.0,1.0,1.0,1.0,1.0,0.0,0.0,0.0
2015-01-01,2015-02-01,4Y (1),KKI,KLG,1.0,0.6931472,-3.0725038,-3.0200408,-2.2743402,-2.0777943,0.22211382,0.2243525,0.19367512,-1.097431,-2.6403954,0.026391933,-1.6876063,0.8660254,0.5,0.0034782512,0.0006032356,0.00045077983,0.0,0.0,1.0,1.0,1.0,1.0,0.0,0.0,0.0
2015-01-01,2015-02-01,4Y (1),KKI,KWT,12.0,2.5649493,-2.052441,-1.9406587,-2.2743402,-0.8074114,0.22211382,0.2243525,0.19367512,-1.1770868,-2.0465388,0.026391933,-1.6876063,0.8660254,0.5,0.0034782512,0.0006032356,0.0006549953,0.0,0.0,1.0,1.0,1.0,1.0,0.0,0.0,0.0
2015-01-01,2015-02-01,4Y (1),KKI,TLT,24.0,3.218876,-1.8000671,-1.7264177,-2.2743402,-0.47863492,0.22211382,0.2243525,0.19367512,-1.1559536,-1.8369423,0.026391933,-1.6876063,0.8660254,0.5,0.0034782512,0.0006032356,0.00061452866,0.0,0.0,1.0,1.0,1.0,1.0,0.0,0.0,0.0
2015-01-01,2015-02-01,4Y (1),KLG,BET,7.0,2.0794415,-2.374235,-1.9903659,-2.2743402,-0.87675756,0.22211382,0.2243525,0.19367512,-1.074672,-2.5707083,0.026391933,-1.6876063,0.8660254,0.5,0.0034782512,0.00045830852,0.0071814214,0.0,0.0,1.0,1.0,1.0,1.0,0.0,0.0,0.0
2015-01-01,2015-02-01,4Y (1),KLG,MLL,1.0,0.6931472,-2.6471152,-3.2178857,-2.2743402,-2.429075,0.22211382,0.2243525,0.19367512,-1.0941796,-0.20134117,0.026391933,-1.6876063,0.8660254,0.5,0.0034782512,0.00045830852,0.00044231006,0.0,0.0,1.0,1.0,1.0,1.0,0.0,0.0,0.0
2015-01-01,2015-02-01,4Y (1),KLG,RSH,10.0,2.3978953,-2.374235,-2.4489183,-2.2743402,-1.477276,0.22211382,0.2243525,0.19367512,-1.1331948,-1.8273773,0.026391933,-1.6876063,0.8660254,0.5,0.0034782512,0.00045830852,0.000541124,0.0,0.0,1.0,1.0,1.0,1.0,0.0,0.0,0.0
2015-01-01,2015-02-01,4Y (1),KLG,TLT,0.0,0.0,-3.0725038,-3.0200408,-2.2743402,-2.0777943,0.22211382,0.2243525,0.19367512,-1.1315691,-2.6403954,0.026391933,-1.6876063,0.8660254,0.5,0.0034782512,0.00045830852,0.00061452866,0.0,0.0,1.0,1.0,1.0,1.0,0.0,0.0,0.0
2015-01-01,2015-02-01,4Y (1),KPN,BET,70.0,4.26268,-1.4153459,-1.2412505,-2.2743402,0.20859225,0.22211382,0.2243525,0.19367512,-1.0372825,-1.8789346,0.026391933,-1.6876063,0.8660254,0.5,0.0034782512,0.0008930899,0.0071814214,0.0,0.0,1.0,1.0,1.0,1.0,0.0,0.0,0.0
2015-01-01,2015-02-01,4Y (1),KPN,CYF,53.0,3.988984,-1.6817331,-1.3695363,-2.2743402,0.025521468,0.22211382,0.2243525,0.19367512,-1.1640818,-2.2501469,0.026391933,-1.6876063,0.8660254,0.5,0.0034782512,0.0008930899,0.0008403891,0.0,0.0,1.0,1.0,1.0,1.0,0.0,0.0,0.0
2015-01-01,2015-02-01,4Y (1),KPN,KKH,5.0,1.7917595,-2.2810733,-2.0449698,-2.2743402,-0.95214117,0.22211382,0.2243525,0.19367512,-1.1266923,-2.3579786,0.026391933,-1.6876063,0.8660254,0.5,0.0034782512,0.0008930899,0.0007669845,0.0,0.0,1.0,1.0,1.0,1.0,0.0,0.0,0.0
2015-01-01,2015-02-01,4Y (1),KPN,KWK,50.0,3.9318256,-1.9188843,-2.2943182,-2.2743402,-1.3437252,0.22211382,0.2243525,0.19367512,-1.1429486,-0.3232939,0.026391933,-1.6876063,0.8660254,0.5,0.0034782512,0.0008930899,0.0007914527,0.0,0.0,1.0,1.0,1.0,1.0,0.0,0.0,0.0
2015-01-01,2015-02-01,4Y (1),KPN,OOK,2.0,1.0986123,-2.2406783,-2.664009,-2.2743402,-1.8285567,0.22211382,0.2243525,0.19367512,-1.1006821,-0.4452466,0.026391933,-1.6876063,0.8660254,0.5,0.0034782512,0.0008930899,0.0010963643,0.0,0.0,1.0,1.0,1.0,1.0,0.0,0.0,0.0
2015-01-01,2015-02-01,4Y (1),KPN,WTL,12.0,2.5649493,-2.7507098,-2.874509,-2.2743402,-2.0777943,0.22211382,0.2243525,0.19367512,-1.1023078,-2.0306318,0.026391933,-1.6876063,0.8660254,0.5,0.0034782512,0.0008930899,0.0010003736,0.0,0.0,1.0,1.0,1.0,1.0,0.0,0.0,0.0
2015-01-01,2015-02-01,4Y (1),KUK,ATT,20.0,3.0445225,-2.2810733,-2.3412216,-2.2743402,-1.2280383,0.22211382,0.2243525,0.19367512,-1.1787125,-1.797813,0.026391933,-1.6876063,0.8660254,0.5,0.0034782512,0.0006681705,0.0006465256,0.0,0.0,1.0,1.0,1.0,1.0,0.0,0.0,0.0
2015-01-01,2015-02-01,4Y (1),KUK,BET,105.0,4.6634393,-1.3541719,-1.1837068,-2.2743402,0.3596459,0.22211382,0.2243525,0.19367512,-1.1527023,-1.8416722,0.026391933,-1.6876063,0.8660254,0.5,0.0034782512,0.0006681705,0.0071814214,0.0,0.0,1.0,1.0,1.0,1.0,0.0,0.0,0.0
2015-01-01,2015-02-01,4Y (1),KUK,NME,0.0,0.0,-2.7507098,-3.2178857,-2.2743402,-2.429075,0.22211382,0.2243525,0.19367512,-1.0632926,-0.9330575,0.026391933,-1.6876063,0.8660254,0.5,0.0034782512,0.0006681705,0.0009307333,0.0,0.0,1.0,1.0,1.0,1.0,0.0,0.0,0.0
2015-01-01,2015-02-01,4Y (1),KUK,NUP,26.0,3.295837,-2.0035272,-1.5972822,-2.2743402,-0.27623922,0.22211382,0.2243525,0.19367512,-1.185215,-2.4815733,0.026391933,-1.6876063,0.8660254,0.5,0.0034782512,0.0006681705,0.00067852245,0.0,0.0,1.0,1.0,1.0,1.0,0.0,0.0,0.0
2015-01-01,2015-02-01,4Y (1),KUK,PKA,1.0,0.6931472,-3.3942978,-3.2178857,-2.2743402,-2.429075,0.22211382,0.2243525,0.19367512,-1.1461998,-3.1282063,0.026391933,-1.6876063,0.8660254,0.5,0.0034782512,0.0006681705,0.00038678604,0.0,0.0,1.0,1.0,1.0,1.0,0.0,0.0,0.0
2015-01-01,2015-02-01,4Y (1),KWK,BET,20.0,3.0445225,-1.8817244,-1.584627,-2.2743402,-0.31311136,0.22211382,0.2243525,0.19367512,-1.0665439,-2.2967105,0.026391933,-1.6876063,0.8660254,0.5,0.0034782512,0.0007980403,0.0071814214,0.0,0.0,1.0,1.0,1.0,1.0,0.0,0.0,0.0
2015-01-01,2015-02-01,4Y (1),KWK,CYF,5.0,1.7917595,-2.7507098,-2.874509,-2.2743402,-2.0777943,0.22211382,0.2243525,0.19367512,-1.1218153,-2.0306318,0.026391933,-1.6876063,0.8660254,0.5,0.0034782512,0.0007980403,0.0008403891,0.0,0.0,1.0,1.0,1.0,1.0,0.0,0.0,0.0
2015-01-01,2015-02-01,4Y (1),KWK,KKH,18.0,2.944439,-1.8817244,-1.651004,-2.2743402,-0.39192614,0.22211382,0.2243525,0.19367512,-1.17221,-2.1901085,0.026391933,-1.6876063,0.8660254,0.5,0.0034782512,0.0007980403,0.0007669845,0.0,0.0,1.0,1.0,1.0,1.0,0.0,0.0,0.0
2015-01-01,2015-02-01,4Y (1),KWK,KPN,22.0,3.1354942,-1.9808763,-2.105542,-2.2743402,-1.0347146,0.22211382,0.2243525,0.19367512,-1.1429486,-1.406521,0.026391933,-1.6876063,0.8660254,0.5,0.0034782512,0.0007980403,0.0009194403,0.0,0.0,1.0,1.0,1.0,1.0,0.0,0.0,0.0
2015-01-01,2015-02-01,4Y (1),KWK,WTL,56.0,4.0430512,-2.0789766,-1.9173814,-2.2743402,-0.8074114,0.22211382,0.2243525,0.19367512,-1.1331948,-2.1525846,0.026391933,-1.6876063,0.8660254,0.5,0.0034782512,0.0007980403,0.0010003736,0.0,0.0,1.0,1.0,1.0,1.0,0.0,0.0,0.0
2015-01-01,2015-02-01,4Y (1),KWN,BET,50.0,3.9318256,-1.4708447,-1.3365746,-2.2743402,0.07504151,0.22211382,0.2243525,0.19367512,-1.0762976,-1.8132379,0.026391933,-1.6876063,0.8660254,0.5,0.0034782512,0.00082062633,0.0071814214,0.0,0.0,1.0,1.0,1.0,1.0,0.0,0.0,0.0
2015-01-01,2015-02-01,4Y (1),KWN,EEK,79.0,4.3820267,-1.5255257,-1.386782,-2.2743402,0.07504151,0.22211382,0.2243525,0.19367512,-1.1396973,-1.8506064,0.026391933,-1.6876063,0.8660254,0.5,0.0034782512,0.00082062633,0.00074910384,0.0,0.0,1.0,1.0,1.0,1.0,0.0,0.0,0.0
2015-01-01,2015-02-01,4Y (1),KWN,GNU,12.0,2.5649493,-1.8310286,-1.6652887,-2.2743402,-0.4341962,0.22211382,0.2243525,0.19367512,-1.1185641,-2.0498877,0.026391933,-1.6876063,0.8660254,0.5,0.0034782512,0.00082062633,0.0003952558,0.0,0.0,1.0,1.0,1.0,1.0,0.0,0.0,0.0
2015-01-01,2015-02-01,4Y (1),KWN,KKH,2.0,1.0986123,-3.3942978,-3.5283005,-2.2743402,-2.429075,0.22211382,0.2243525,0.19367512,-1.128318,-3.1282063,0.026391933,-1.6876063,0.8660254,0.5,0.0034782512,0.00082062633,0.0007669845,0.0,0.0,1.0,1.0,1.0,1.0,0.0,0.0,0.0
2015-01-01,2015-02-01,4Y (1),KWN,PKA,2.0,1.0986123,-2.8842664,-3.5283005,-2.2743402,-2.429075,0.22211382,0.2243525,0.19367512,-1.0844258,-0.20134117,0.026391933,-1.6876063,0.8660254,0.5,0.0034782512,0.00082062633,0.00038678604,0.0,0.0,1.0,1.0,1.0,1.0,0.0,0.0,0.0
2015-01-01,2015-02-01,4Y (1),KWT,AKI,5.0,1.7917595,-2.8842664,-2.4489183,-2.2743402,-1.477276,0.22211382,0.2243525,0.19367512,-1.1738356,-2.802999,0.026391933,-1.6876063,0.8660254,0.5,0.0034782512,0.00064746663,0.00057876745,0.0,0.0,1.0,1.0,1.0,1.0,0.0,0.0,0.0
2015-01-01,2015-02-01,4Y (1),KWT,BET,123.0,4.8202815,-1.4492478,-1.5253508,-2.2743402,-0.1122866,0.22211382,0.2243525,0.19367512,-1.1705843,-1.1869183,0.026391933,-1.6876063,0.8660254,0.5,0.0034782512,0.00064746663,0.0071814214,0.0,0.0,1.0,1.0,1.0,1.0,0.0,0.0,0.0
2015-01-01,2015-02-01,4Y (1),KWT,KKI,34.0,3.5553482,-1.9592793,-1.6799511,-2.2743402,-0.39192614,0.22211382,0.2243525,0.19367512,-1.1770868,-2.2976096,0.026391933,-1.6876063,0.8660254,0.5,0.0034782512,0.00064746663,0.00061452866,0.0,0.0,1.0,1.0,1.0,1.0,0.0,0.0,0.0
2015-01-01,2015-02-01,4Y (1),KWT,KLG,0.0,0.0,-2.7507098,-3.2178857,-2.2743402,-2.429075,0.22211382,0.2243525,0.19367512,-1.0893028,-0.9330575,0.026391933,-1.6876063,0.8660254,0.5,0.0034782512,0.00064746663,0.00045077983,0.0,0.0,1.0,1.0,1.0,1.0,0.0,0.0,0.0
2015-01-01,2015-02-01,4Y (1),KWT,PKA,1.0,0.6931472,-3.3942978,-3.2178857,-2.2743402,-2.429075,0.22211382,0.2243525,0.19367512,-1.1705843,-3.1282063,0.026391933,-1.6876063,0.8660254,0.5,0.0034782512,0.00064746663,0.00038678604,0.0,0.0,1.0,1.0,1.0,1.0,0.0,0.0,0.0
2015-01-01,2015-02-01,4Y (1),KWT,TLT,9.0,2.3025851,-2.490908,-2.3412216,-2.2743402,-1.3437252,0.22211382,0.2243525,0.19367512,-1.1478255,-2.3299704,0.026391933,-1.6876063,0.8660254,0.5,0.0034782512,0.00064746663,0.00061452866,0.0,0.0,1.0,1.0,1.0,1.0,0.0,0.0,0.0
2015-01-01,2015-02-01,4Y (1),MLL,BET,17.0,2.8903718,-2.0789766,-1.7771355,-2.2743402,-0.5749969,0.22211382,0.2243525,0.19367512,-1.0697951,-2.3728862,0.026391933,-1.6876063,0.8660254,0.5,0.0034782512,0.0005157147,0.0071814214,0.0,0.0,1.0,1.0,1.0,1.0,0.0,0.0,0.0
2015-01-01,2015-02-01,4Y (1),MLL,KLG,0.0,0.0,-2.7507098,-2.664009,-2.2743402,-1.8285567,0.22211382,0.2243525,0.19367512,-1.0941796,-2.39649,0.026391933,-1.6876063,0.8660254,0.5,0.0034782512,0.0005157147,0.00045077983,0.0,0.0,1.0,1.0,1.0,1.0,0.0,0.0,0.0
2015-01-01,2015-02-01,4Y (1),MLL,PQS,24.0,3.218876,-1.705546,-1.4045812,-2.2743402,-0.027001575,0.22211382,0.2243525,0.19367512,-1.1445742,-2.2405505,0.026391933,-1.6876063,0.8660254,0.5,0.0034782512,0.0005157147,0.000541124,0.0,0.0,1.0,1.0,1.0,1.0,0.0,0.0,0.0
2015-01-01,2015-02-01,4Y (1),MLL,RSH,16.0,2.8332133,-2.5624723,-2.874509,-2.2743402,-2.0777943,0.22211382,0.2243525,0.19367512,-1.1527023,-1.2989156,0.026391933,-1.6876063,0.8660254,0.5,0.0034782512,0.0005157147,0.000541124,0.0,0.0,1.0,1.0,1.0,1.0,0.0,0.0,0.0
2015-01-01,2015-02-01,4Y (1),NME,ATT,5.0,1.7917595,-3.3942978,-3.2178857,-2.2743402,-2.429075,0.22211382,0.2243525,0.19367512,-1.0502876,-3.1282063,0.026391933,-1.6876063,0.8660254,0.5,0.0034782512,0.000926969,0.0006465256,0.0,0.0,1.0,1.0,1.0,1.0,0.0,0.0,0.0
2015-01-01,2015-02-01,4Y (1),NME,BET,17.0,2.8903718,-2.052441,-1.53671,-2.2743402,-0.24087247,0.22211382,0.2243525,0.19367512,-1.0291543,-2.6099074,0.026391933,-1.6876063,0.8660254,0.5,0.0034782512,0.000926969,0.0071814214,0.0,0.0,1.0,1.0,1.0,1.0,0.0,0.0,0.0
2015-01-01,2015-02-01,4Y (1),NME,CYF,9.0,2.3025851,-1.7306468,-1.8735671,-2.2743402,-0.74320686,0.22211382,0.2243525,0.19367512,-1.1478255,-1.158201,0.026391933,-1.6876063,0.8660254,0.5,0.0034782512,0.000926969,0.0008403891,0.0,0.0,1.0,1.0,1.0,1.0,0.0,0.0,0.0
2015-01-01,2015-02-01,4Y (1),NME,KPN,6.0,1.9459101,-2.7507098,-2.874509,-2.2743402,-2.0777943,0.22211382,0.2243525,0.19367512,-1.1201898,-2.0306318,0.026391933,-1.6876063,0.8660254,0.5,0.0034782512,0.000926969,0.0009194403,0.0,0.0,1.0,1.0,1.0,1.0,0.0,0.0,0.0
2015-01-01,2015-02-01,4Y (1),NME,OOK,24.0,3.218876,-2.0789766,-1.6102327,-2.2743402,-0.35162282,0.22211382,0.2243525,0.19367512,-1.1689587,-2.5707083,0.026391933,-1.6876063,0.8660254,0.5,0.0034782512,0.000926969,0.0010963643,0.0,0.0,1.0,1.0,1.0,1.0,0.0,0.0,0.0
2015-01-01,2015-02-01,4Y (1),NME,TNK,3.0,1.3862944,-2.6471152,-2.664009,-2.2743402,-1.8285567,0.22211382,0.2243525,0.19367512,-1.1575793,-2.1525846,0.026391933,-1.6876063,0.8660254,0.5,0.0034782512,0.000926969,0.00090720615,0.0,0.0,1.0,1.0,1.0,1.0,0.0,0.0,0.0
2015-01-01,2015-02-01,4Y (1),NME,WWT,4.0,1.609438,-2.374235,-2.511781,-2.2743402,-1.6352329,0.22211382,0.2243525,0.19367512,-1.1380717,-1.6647737,0.026391933,-1.6876063,0.8660254,0.5,0.0034782512,0.000926969,0.0007585147,0.0,0.0,1.0,1.0,1.0,1.0,0.0,0.0,0.0
2015-01-01,2015-02-01,4Y (1),NUP,ATT,28.0,3.3672957,-1.9386426,-1.7951272,-2.2743402,-0.62751997,0.22211382,0.2243525,0.19367512,-1.1819638,-2.0550225,0.026391933,-1.6876063,0.8660254,0.5,0.0034782512,0.00062205736,0.0006465256,0.0,0.0,1.0,1.0,1.0,1.0,0.0,0.0,0.0
2015-01-01,2015-02-01,4Y (1),NUP,BET,134.0,4.905275,-1.2704852,-1.2688757,-2.2743402,0.287407,0.22211382,0.2243525,0.19367512,-1.1559536,-1.3270586,0.026391933,-1.6876063,0.8660254,0.5,0.0034782512,0.00062205736,0.0071814214,0.0,0.0,1.0,1.0,1.0,1.0,0.0,0.0,0.0
2015-01-01,2015-02-01,4Y (1),NUP,KUK,59.0,4.0943446,-1.6702695,-1.4323989,-2.2743402,-0.05450753,0.22211382,0.2243525,0.19367512,-1.185215,-2.1189425,0.026391933,-1.6876063,0.8660254,0.5,0.0034782512,0.00062205736,0.0006756992,0.0,0.0,1.0,1.0,1.0,1.0,0.0,0.0,0.0
2015-01-01,2015-02-01,4Y (1),NUP,PQS,3.0,1.3862944,-2.4289157,-2.2943182,-2.2743402,-1.3437252,0.22211382,0.2243525,0.19367512,-1.0730464,-2.2745373,0.026391933,-1.6876063,0.8660254,0.5,0.0034782512,0.00062205736,0.000541124,0.0,0.0,1.0,1.0,1.0,1.0,0.0,0.0,0.0
2015-01-01,2015-02-01,4Y (1),NUP,WNA,0.0,0.0,-2.490908,-3.0200408,-2.2743402,-2.0777943,0.22211382,0.2243525,0.19367512,-1.1559536,-0.20134117,0.026391933,-1.6876063,0.8660254,0.5,0.0034782512,0.00062205736,0.00042631163,0.0,0.0,1.0,1.0,1.0,1.0,0.0,0.0,0.0
2015-01-01,2015-02-01,4Y (1),OOK,ATT,0.0,0.0,-3.3942978,-3.2178857,-2.2743402,-2.429075,0.22211382,0.2243525,0.19367512,-1.0324056,-3.1282063,0.026391933,-1.6876063,0.8660254,0.5,0.0034782512,0.0011405953,0.0006465256,0.0,0.0,1.0,1.0,1.0,1.0,0.0,0.0,0.0
2015-01-01,2015-02-01,4Y (1),OOK,BET,30.0,3.4339871,-1.9386426,-1.4616857,-2.2743402,-0.1122866,0.22211382,0.2243525,0.19367512,-1.0096468,-2.5428333,0.026391933,-1.6876063,0.8660254,0.5,0.0034782512,0.0011405953,0.0071814214,0.0,0.0,1.0,1.0,1.0,1.0,0.0,0.0,0.0
2015-01-01,2015-02-01,4Y (1),OOK,CYF,17.0,2.8903718,-2.2406783,-2.2943182,-2.2743402,-1.3437252,0.22211382,0.2243525,0.19367512,-1.128318,-1.7867265,0.026391933,-1.6876063,0.8660254,0.5,0.0034782512,0.0011405953,0.0008403891,0.0,0.0,1.0,1.0,1.0,1.0,0.0,0.0,0.0
2015-01-01,2015-02-01,4Y (1),OOK,KPN,0.0,0.0,-3.0725038,-3.2178857,-2.2743402,-2.429075,0.22211382,0.2243525,0.19367512,-1.1006821,-2.39649,0.026391933,-1.6876063,0.8660254,0.5,0.0034782512,0.0011405953,0.0009194403,0.0,0.0,1.0,1.0,1.0,1.0,0.0,0.0,0.0
2015-01-01,2015-02-01,4Y (1),OOK,NME,30.0,3.4339871,-1.6590823,-1.4926053,-2.2743402,-0.17419614,0.22211382,0.2243525,0.19367512,-1.1689587,-1.974346,0.026391933,-1.6876063,0.8660254,0.5,0.0034782512,0.0011405953,0.0009307333,0.0,0.0,1.0,1.0,1.0,1.0,0.0,0.0,0.0
2015-01-01,2015-02-01,4Y (1),OOK,TNK,23.0,3.1780539,-1.8473197,-1.6102327,-2.2743402,-0.35162282,0.22211382,0.2243525,0.19367512,-1.1803381,-2.1874282,0.026391933,-1.6876063,0.8660254,0.5,0.0034782512,0.0011405953,0.00090720615,0.0,0.0,1.0,1.0,1.0,1.0,0.0,0.0,0.0
2015-01-01,2015-02-01,4Y (1),OOK,WWT,19.0,2.9957323,-1.8999326,-1.9173814,-2.2743402,-0.8074114,0.22211382,0.2243525,0.19367512,-1.141323,-1.6647737,0.026391933,-1.6876063,0.8660254,0.5,0.0034782512,0.0011405953,0.0007585147,0.0,0.0,1.0,1.0,1.0,1.0,0.0,0.0,0.0
2015-01-01,2015-02-01,4Y (1),PKA,BET,76.0,4.3438053,-1.6270523,-1.623493,-2.2743402,-0.14268848,0.22211382,0.2243525,0.19367512,-1.1819638,-1.5576934,0.026391933,-1.6876063,0.8660254,0.5,0.0034782512,0.0003566713,0.0071814214,0.0,0.0,1.0,1.0,1.0,1.0,0.0,0.0,0.0
2015-01-01,2015-02-01,4Y (1),PKA,WNA,33.0,3.5263605,-2.052441,-1.6950115,-2.2743402,-0.35162282,0.22211382,0.2243525,0.19367512,-1.1803381,-2.437141,0.026391933,-1.6876063,0.8660254,0.5,0.0034782512,0.0003566713,0.00042631163,0.0,0.0,1.0,1.0,1.0,1.0,0.0,0.0,0.0
2015-01-01,2015-02-01,4Y (1),PQS,ATT,0.0,0.0,-3.3942978,-2.874509,-2.2743402,-2.0777943,0.22211382,0.2243525,0.19367512,-1.0665439,-3.1282063,0.026391933,-1.6876063,0.8660254,0.5,0.0034782512,0.00057876745,0.0006465256,0.0,0.0,1.0,1.0,1.0,1.0,0.0,0.0,0.0
2015-01-01,2015-02-01,4Y (1),PQS,BET,63.0,4.158883,-1.3899012,-1.2760025,-2.2743402,0.16632216,0.22211382,0.2243525,0.19367512,-1.0502876,-1.7217906,0.026391933,-1.6876063,0.8660254,0.5,0.0034782512,0.00057876745,0.0071814214,0.0,0.0,1.0,1.0,1.0,1.0,0.0,0.0,0.0
2015-01-01,2015-02-01,4Y (1),PQS,MLL,28.0,3.3672957,-1.9386426,-1.9649556,-2.2743402,-0.87675756,0.22211382,0.2243525,0.19367512,-1.1445742,-1.6647737,0.026391933,-1.6876063,0.8660254,0.5,0.0034782512,0.00057876745,0.00044231006,0.0,0.0,1.0,1.0,1.0,1.0,0.0,0.0,0.0
2015-01-01,2015-02-01,4Y (1),PQS,RSH,8.0,2.1972246,-2.7507098,-3.2178857,-2.2743402,-2.429075,0.22211382,0.2243525,0.19367512,-1.105559,-0.9330575,0.026391933,-1.6876063,0.8660254,0.5,0.0034782512,0.00057876745,0.000541124,0.0,0.0,1.0,1.0,1.0,1.0,0.0,0.0,0.0
2015-01-01,2015-02-01,4Y (1),PTU,BET,31.0,3.465736,-2.0789766,-1.6652887,-2.2743402,-0.4341962,0.22211382,0.2243525,0.19367512,-0.99339044,-2.5120242,0.026391933,-1.6876063,0.8660254,0.5,0.0034782512,0.0003190279,0.0071814214,0.0,0.0,1.0,1.0,1.0,1.0,0.0,0.0,0.0
2015-01-01,2015-02-01,4Y (1),PTU,EEK,7.0,2.0794415,-3.0725038,-3.2178857,-2.2743402,-2.429075,0.22211382,0.2243525,0.19367512,-1.0567901,-2.39649,0.026391933,-1.6876063,0.8660254,0.5,0.0034782512,0.0003190279,0.00074910384,0.0,0.0,1.0,1.0,1.0,1.0,0.0,0.0,0.0
2015-01-01,2015-02-01,4Y (1),PTU,GNU,8.0,2.1972246,-2.052441,-1.7951272,-2.2743402,-0.62751997,0.22211382,0.2243525,0.19367512,-1.1738356,-2.2989278,0.026391933,-1.6876063,0.8660254,0.5,0.0034782512,0.0003190279,0.0003952558,0.0,0.0,1.0,1.0,1.0,1.0,0.0,0.0,0.0
2015-01-01,2015-02-01,4Y (1),PTU,KWN,14.0,2.7080503,-2.2810733,-2.0744295,-2.2743402,-1.0347146,0.22211382,0.2243525,0.19367512,-1.1088103,-2.3151882,0.026391933,-1.6876063,0.8660254,0.5,0.0034782512,0.0003190279,0.00078768836,0.0,0.0,1.0,1.0,1.0,1.0,0.0,0.0,0.0
2015-01-01,2015-02-01,4Y (1),PTU,PKA,0.0,0.0,-2.8842664,-3.2178857,-2.2743402,-2.429075,0.22211382,0.2243525,0.19367512,-1.0015186,-1.6647737,0.026391933,-1.6876063,0.8660254,0.5,0.0034782512,0.0003190279,0.00038678604,0.0,0.0,1.0,1.0,1.0,1.0,0.0,0.0,0.0
2015-01-01,2015-02-01,4Y (1),RSH,BET,3.0,1.3862944,-3.0725038,-2.3924603,-2.2743402,-1.477276,0.22211382,0.2243525,0.19367512,-1.0762976,-2.981863,0.026391933,-1.6876063,0.8660254,0.5,0.0034782512,0.0006380558,0.0071814214,0.0,0.0,1.0,1.0,1.0,1.0,0.0,0.0,0.0
2015-01-01,2015-02-01,4Y (1),RSH,KLG,5.0,1.7917595,-2.7507098,-2.664009,-2.2743402,-1.8285567,0.22211382,0.2243525,0.19367512,-1.1331948,-2.39649,0.026391933,-1.6876063,0.8660254,0.5,0.0034782512,0.0006380558,0.00045077983,0.0,0.0,1.0,1.0,1.0,1.0,0.0,0.0,0.0
2015-01-01,2015-02-01,4Y (1),RSH,MLL,9.0,2.3025851,-3.0725038,-3.2178857,-2.2743402,-2.429075,0.22211382,0.2243525,0.19367512,-1.1527023,-2.39649,0.026391933,-1.6876063,0.8660254,0.5,0.0034782512,0.0006380558,0.00044231006,0.0,0.0,1.0,1.0,1.0,1.0,0.0,0.0,0.0
2015-01-01,2015-02-01,4Y (1),RSH,PQS,9.0,2.3025851,-3.3942978,-3.2178857,-2.2743402,-2.429075,0.22211382,0.2243525,0.19367512,-1.105559,-3.1282063,0.026391933,-1.6876063,0.8660254,0.5,0.0034782512,0.0006380558,0.000541124,0.0,0.0,1.0,1.0,1.0,1.0,0.0,0.0,0.0
2015-01-01,2015-02-01,4Y (1),RSH,TLT,0.0,0.0,-3.0725038,-3.2178857,-2.2743402,-2.0777943,0.22211382,0.2243525,0.19367512,-1.1120616,-2.39649,0.026391933,-1.6876063,0.8660254,0.5,0.0034782512,0.0006380558,0.00061452866,0.0,0.0,1.0,1.0,1.0,1.0,0.0,0.0,0.0
2015-01-01,2015-02-01,4Y (1),TLT,AKI,6.0,1.9459101,-2.1691136,-1.852893,-2.2743402,-0.68343383,0.22211382,0.2243525,0.19367512,-1.1657075,-2.4235907,0.026391933,-1.6876063,0.8660254,0.5,0.0034782512,0.00060794107,0.00057876745,0.0,0.0,1.0,1.0,1.0,1.0,0.0,0.0,0.0
2015-01-01,2015-02-01,4Y (1),TLT,BET,53.0,3.988984,-1.5255257,-1.5142194,-2.2743402,0.025521468,0.22211382,0.2243525,0.19367512,-1.1315691,-1.5184305,0.026391933,-1.6876063,0.8660254,0.5,0.0034782512,0.00060794107,0.0071814214,0.0,0.0,1.0,1.0,1.0,1.0,0.0,0.0,0.0
2015-01-01,2015-02-01,4Y (1),TLT,KKI,12.0,2.5649493,-2.0789766,-1.8950417,-2.2743402,-0.74320686,0.22211382,0.2243525,0.19367512,-1.1559536,-2.1916094,0.026391933,-1.6876063,0.8660254,0.5,0.0034782512,0.00060794107,0.00061452866,0.0,0.0,1.0,1.0,1.0,1.0,0.0,0.0,0.0
2015-01-01,2015-02-01,4Y (1),TLT,KLG,0.0,0.0,-2.5624723,-2.5826893,-2.2743402,-1.6352329,0.22211382,0.2243525,0.19367512,-1.1315691,-2.0828974,0.026391933,-1.6876063,0.8660254,0.5,0.0034782512,0.00060794107,0.00045077983,0.0,0.0,1.0,1.0,1.0,1.0,0.0,0.0,0.0
2015-01-01,2015-02-01,4Y (1),TLT,KWT,17.0,2.8903718,-2.4289157,-2.2943182,-2.2743402,-1.2280383,0.22211382,0.2243525,0.19367512,-1.1478255,-2.2745373,0.026391933,-1.6876063,0.8660254,0.5,0.0034782512,0.00060794107,0.0006549953,0.0,0.0,1.0,1.0,1.0,1.0,0.0,0.0,0.0
2015-01-01,2015-02-01,4Y (1),TLT,RSH,0.0,0.0,-3.3942978,-3.2178857,-2.2743402,-2.429075,0.22211382,0.2243525,0.19367512,-1.1120616,-3.1282063,0.026391933,-1.6876063,0.8660254,0.5,0.0034782512,0.00060794107,0.000541124,0.0,0.0,1.0,1.0,1.0,1.0,0.0,0.0,0.0
2015-01-01,2015-02-01,4Y (1),TNK,BET,14.0,2.7080503,-2.2810733,-1.584627,-2.2743402,-0.31311136,0.22211382,0.2243525,0.19367512,-1.0015186,-2.795608,0.026391933,-1.6876063,0.8660254,0.5,0.0034782512,0.0009043829,0.0071814214,0.0,0.0,1.0,1.0,1.0,1.0,0.0,0.0,0.0
2015-01-01,2015-02-01,4Y (1),TNK,CYF,5.0,1.7917595,-2.490908,-2.3924603,-2.2743402,-1.477276,0.22211382,0.2243525,0.19367512,-1.1169385,-2.2501469,0.026391933,-1.6876063,0.8660254,0.5,0.0034782512,0.0009043829,0.0008403891,0.0,0.0,1.0,1.0,1.0,1.0,0.0,0.0,0.0
2015-01-01,2015-02-01,4Y (1),TNK,NME,1.0,0.6931472,-2.2406783,-2.2943182,-2.2743402,-1.3437252,0.22211382,0.2243525,0.19367512,-1.1575793,-1.7867265,0.026391933,-1.6876063,0.8660254,0.5,0.0034782512,0.0009043829,0.0009307333,0.0,0.0,1.0,1.0,1.0,1.0,0.0,0.0,0.0
2015-01-01,2015-02-01,4Y (1),TNK,OOK,17.0,2.8903718,-2.0035272,-1.6652887,-2.2743402,-0.4341962,0.22211382,0.2243525,0.19367512,-1.1803381,-2.39649,0.026391933,-1.6876063,0.8660254,0.5,0.0034782512,0.0009043829,0.0010963643,0.0,0.0,1.0,1.0,1.0,1.0,0.0,0.0,0.0
2015-01-01,2015-02-01,4Y (1),TNK,WWT,13.0,2.6390574,-2.1071217,-1.9649556,-2.2743402,-0.87675756,0.22211382,0.2243525,0.19367512,-1.1380717,-2.1304114,0.026391933,-1.6876063,0.8660254,0.5,0.0034782512,0.0009043829,0.0007585147,0.0,0.0,1.0,1.0,1.0,1.0,0.0,0.0,0.0
2015-01-01,2015-02-01,4Y (1),WNA,BET,106.0,4.6728287,-1.4024491,-0.9950474,-2.2743402,0.7224018,0.22211382,0.2243525,0.19367512,-1.1787125,-2.3050256,0.026391933,-1.6876063,0.8660254,0.5,0.0034782512,0.00040560775,0.0071814214,0.0,0.0,1.0,1.0,1.0,1.0,0.0,0.0,0.0
2015-01-01,2015-02-01,4Y (1),WNA,EEK,1.0,0.6931472,-2.4289157,-2.7593331,-2.2743402,-1.6352329,0.22211382,0.2243525,0.19367512,-1.1380717,-1.0794008,0.026391933,-1.6876063,0.8660254,0.5,0.0034782512,0.00040560775,0.00074910384,0.0,0.0,1.0,1.0,1.0,1.0,0.0,0.0,0.0
2015-01-01,2015-02-01,4Y (1),WNA,PKA,26.0,3.295837,-2.0789766,-1.852893,-2.2743402,-0.62751997,0.22211382,0.2243525,0.19367512,-1.1803381,-2.260987,0.026391933,-1.6876063,0.8660254,0.5,0.0034782512,0.00040560775,0.00038678604,0.0,0.0,1.0,1.0,1.0,1.0,0.0,0.0,0.0
2015-01-01,2015-02-01,4Y (1),WTL,BET,120.0,4.7957907,-1.2206153,-1.1599306,-2.2743402,0.34214297,0.22211382,0.2243525,0.19367512,-1.123441,-1.4799191,0.026391933,-1.6876063,0.8660254,0.5,0.0034782512,0.001048369,0.0071814214,0.0,0.0,1.0,1.0,1.0,1.0,0.0,0.0,0.0
2015-01-01,2015-02-01,4Y (1),WTL,EEK,5.0,1.7917595,-2.5624723,-2.511781,-2.2743402,-1.477276,0.22211382,0.2243525,0.19367512,-1.154328,-2.213561,0.026391933,-1.6876063,0.8660254,0.5,0.0034782512,0.001048369,0.00074910384,0.0,0.0,1.0,1.0,1.0,1.0,0.0,0.0,0.0
2015-01-01,2015-02-01,4Y (1),WTL,KKH,47.0,3.871201,-1.7306468,-1.5972822,-2.2743402,-0.31311136,0.22211382,0.2243525,0.19367512,-1.1478255,-1.9370403,0.026391933,-1.6876063,0.8660254,0.5,0.0034782512,0.001048369,0.0007669845,0.0,0.0,1.0,1.0,1.0,1.0,0.0,0.0,0.0
2015-01-01,2015-02-01,4Y (1),WTL,KPN,5.0,1.7917595,-2.8842664,-3.2178857,-2.2743402,-2.429075,0.22211382,0.2243525,0.19367512,-1.1023078,-1.6647737,0.026391933,-1.6876063,0.8660254,0.5,0.0034782512,0.001048369,0.0009194403,0.0,0.0,1.0,1.0,1.0,1.0,0.0,0.0,0.0
2015-01-01,2015-02-01,4Y (1),WTL,KWK,23.0,3.1780539,-2.2035184,-2.1385036,-2.2743402,-1.1259953,0.22211382,0.2243525,0.19367512,-1.1331948,-2.0306318,0.026391933,-1.6876063,0.8660254,0.5,0.0034782512,0.001048369,0.0007914527,0.0,0.0,1.0,1.0,1.0,1.0,0.0,0.0,0.0
2015-01-01,2015-02-01,4Y (1),WTL,KWN,3.0,1.3862944,-3.3942978,-2.874509,-2.2743402,-2.0777943,0.22211382,0.2243525,0.19367512,-1.1120616,-3.1282063,0.026391933,-1.6876063,0.8660254,0.5,0.0034782512,0.001048369,0.00078768836,0.0,0.0,1.0,1.0,1.0,1.0,0.0,0.0,0.0
2015-01-01,2015-02-01,4Y (1),WTL,PKA,0.0,0.0,-2.8842664,-3.0200408,-2.2743402,-2.0777943,0.22211382,0.2243525,0.19367512,-1.1266923,-2.1525846,0.026391933,-1.6876063,0.8660254,0.5,0.0034782512,0.001048369,0.00038678604,0.0,0.0,1.0,1.0,1.0,1.0,0.0,0.0,0.0
2015-01-01,2015-02-01,4Y (1),WWT,BET,29.0,3.4011974,-1.8310286,-1.3956102,-2.2743402,-0.027001575,0.22211382,0.2243525,0.19367512,-1.0372825,-2.4673014,0.026391933,-1.6876063,0.8660254,0.5,0.0034782512,0.0008225085,0.0071814214,0.0,0.0,1.0,1.0,1.0,1.0,0.0,0.0,0.0
2015-01-01,2015-02-01,4Y (1),WWT,NME,5.0,1.7917595,-2.5624723,-2.511781,-2.2743402,-1.6352329,0.22211382,0.2243525,0.19367512,-1.1380717,-2.213561,0.026391933,-1.6876063,0.8660254,0.5,0.0034782512,0.0008225085,0.0009307333,0.0,0.0,1.0,1.0,1.0,1.0,0.0,0.0,0.0
2015-01-01,2015-02-01,4Y (1),WWT,OOK,13.0,2.6390574,-1.6590823,-1.7264177,-2.2743402,-0.5254769,0.22211382,0.2243525,0.19367512,-1.141323,-1.3634788,0.026391933,-1.6876063,0.8660254,0.5,0.0034782512,0.0008225085,0.0010963643,0.0,0.0,1.0,1.0,1.0,1.0,0.0,0.0,0.0
2015-01-01,2015-02-01,4Y (1),WWT,TNK,15.0,2.7725887,-2.0035272,-1.7264177,-2.2743402,-0.5254769,0.22211382,0.2243525,0.19367512,-1.1380717,-2.3104057,0.026391933,-1.6876063,0.8660254,0.5,0.0034782512,0.0008225085,0.00090720615,0.0,0.0,1.0,1.0,1.0,1.0,0.0,0.0,0.0
2015-01-01,2015-02-01,5V,EAA,FAI,55.0,4.0253515,-1.6481582,-1.6102327,-2.2743402,-0.5749969,0.22211382,0.2243525,0.19367512,-0.8698424,-1.6647737,0.026391933,-1.6876063,0.8660254,0.5,0.0012817581,8.9403096e-05,0.0042518233,0.0,0.0,1.0,1.0,1.0,1.0,0.0,0.0,0.0
2015-01-01,2015-02-01,5V,FAI,EAA,49.0,3.912023,-1.5689452,-1.651004,-2.2743402,-0.62751997,0.22211382,0.2243525,0.19367512,-0.8698424,-1.2520107,0.026391933,-1.6876063,0.8660254,0.5,0.0012817581,0.004041961,9.128527e-05,0.0,0.0,1.0,1.0,1.0,1.0,0.0,0.0,0.0
2015-01-01,2015-02-01,5V,FAI,RMP,18.0,2.944439,-2.0789766,-1.9649556,-2.2743402,-1.1259953,0.22211382,0.2243525,0.19367512,-1.0584158,-2.0638916,0.026391933,-1.6876063,0.8660254,0.5,0.0012817581,0.004041961,0.00016939534,0.0,0.0,1.0,1.0,1.0,1.0,0.0,0.0,0.0
2015-01-01,2015-02-01,5V,RMP,FAI,14.0,2.7080503,-1.9188843,-1.9649556,-2.2743402,-1.1259953,0.22211382,0.2243525,0.19367512,-1.0584158,-1.5982541,0.026391933,-1.6876063,0.8660254,0.5,0.0012817581,0.00015527906,0.0042518233,0.0,0.0,1.0,1.0,1.0,1.0,0.0,0.0,0.0
2015-01-01,2015-02-01,7H,ADQ,ANC,1582.0,7.367077,0.08266676,0.23073633,-2.2743402,1.0187813,0.22211382,0.2243525,0.19367512,-0.78043264,-0.8905061,0.026391933,-1.6876063,0.8660254,0.5,0.002406355,0.0009344976,0.0044861534,0.0,0.0,1.0,1.0,1.0,1.0,0.0,0.0,0.0
2015-01-01,2015-02-01,7H,ADQ,ENA,57.0,4.060443,-1.6702695,-1.9023888,-2.2743402,-2.0777943,0.22211382,0.2243525,0.19367512,-0.86659116,-0.7550724,0.026391933,-1.6876063,0.8660254,0.5,0.002406355,0.0009344976,0.00027009146,0.0,0.0,1.0,1.0,1.0,1.0,0.0,0.0,0.0
2015-01-01,2015-02-01,7H,ANC,ADQ,1982.0,7.592366,0.2576553,0.24678388,-2.2743402,1.0427376,0.22211382,0.2243525,0.19367512,-0.78043264,0.041415993,0.026391933,-1.6876063,0.8660254,0.5,0.002406355,0.0043901624,0.00097214105,0.0,0.0,1.0,1.0,1.0,1.0,0.0,0.0,0.0
2015-01-01,2015-02-01,7H,ANC,ANI,437.0,6.082219,-0.47775128,-0.61562943,-2.2743402,-0.1122866,0.22211382,0.2243525,0.19367512,-0.6747666,-0.051540986,0.026391933,-1.6876063,0.8660254,0.5,0.002406355,0.0043901624,0.001799355,0.0,0.0,1.0,1.0,1.0,1.0,0.0,0.0,0.0
2015-01-01,2015-02-01,7H,ANC,BET,721.0,6.582025,-0.2766766,-0.3251991,-2.2743402,0.20859225,0.22211382,0.2243525,0.19367512,-0.5430904,-0.31732416,0.026391933,-1.6876063,0.8660254,0.5,0.002406355,0.0043901624,0.0071814214,0.0,0.0,1.0,1.0,1.0,1.0,0.0,0.0,0.0
2015-01-01,2015-02-01,7H,ANC,CDV,166.0,5.117994,-1.0712124,-1.0008405,-2.2743402,-0.39192614,0.22211382,0.2243525,0.19367512,-0.9316164,-1.4183009,0.026391933,-1.6876063,0.8660254,0.5,0.002406355,0.0043901624,0.00022397829,0.0,0.0,1.0,1.0,1.0,1.0,0.0,0.0,0.0
2015-01-01,2015-02-01,7H,ANC,ENA,4603.0,8.434681,0.5598149,0.6873094,-2.2743402,2.0305333,0.22211382,0.2243525,0.19367512,-1.0958053,-0.38172925,0.026391933,-1.6876063,0.8660254,0.5,0.002406355,0.0043901624,0.00027009146,0.0,0.0,1.0,1.0,1.0,1.0,0.0,0.0,0.0
2015-01-01,2015-02-01,7H,ANC,FAI,1451.0,7.2806973,0.080846675,0.14380556,-2.2743402,0.96016425,0.22211382,0.2243525,0.19367512,-0.7674276,-0.52096385,0.026391933,-1.6876063,0.8660254,0.5,0.002406355,0.0043901624,0.0042518233,0.0,0.0,1.0,1.0,1.0,1.0,0.0,0.0,0.0
2015-01-01,2015-02-01,7H,ANC,HOM,1806.0,7.4994235,0.110857576,0.21372186,-2.2743402,1.2329053,0.22211382,0.2243525,0.19367512,-1.0015186,-0.676247,0.026391933,-1.6876063,0.8660254,0.5,0.002406355,0.0043901624,0.00037925734,0.0,0.0,1.0,1.0,1.0,1.0,0.0,0.0,0.0
2015-01-01,2015-02-01,7H,ANC,KSM,406.0,6.0088134,-0.70347416,-0.85789084,-2.2743402,-0.47863492,0.22211382,0.2243525,0.19367512,-0.47318822,-0.20134117,0.026391933,-1.6876063,0.8660254,0.5,0.002406355,0.0043901624,0.0011067162,0.0,0.0,1.0,1.0,1.0,1.0,0.0,0.0,0.0
2015-01-01,2015-02-01,7H,ANC,UNK,484.0,6.184149,-0.5428529,-0.55704135,-2.2743402,-0.082915485,0.22211382,0.2243525,0.19367512,-0.55284417,-0.7231318,0.026391933,-1.6876063,0.8660254,0.5,0.002406355,0.0043901624,0.0012619953,0.0,0.0,1.0,1.0,1.0,1.0,0.0,0.0,0.0
2015-01-01,2015-02-01,7H,ANC,VDZ,765.0,6.641182,-0.22055988,-0.16637814,-2.2743402,0.5030418,0.22211382,0.2243525,0.19367512,-0.98688793,-0.74607277,0.026391933,-1.6876063,0.8660254,0.5,0.002406355,0.0043901624,8.093333e-05,0.0,0.0,1.0,1.0,1.0,1.0,0.0,0.0,0.0
2015-01-01,2015-02-01,7H,ANI,ANC,288.0,5.6664267,-0.75886106,-0.8369149,-2.2743402,-0.4341962,0.22211382,0.2243525,0.19367512,-0.6747666,-0.62805635,0.026391933,-1.6876063,0.8660254,0.5,0.002406355,0.0017099519,0.0044861534,0.0,0.0,1.0,1.0,1.0,1.0,0.0,0.0,0.0
2015-01-01,2015-02-01,7H,ANI,KSM,109.0,4.7004805,-0.9163422,-1.230134,-2.2743402,-1.0347146,0.22211382,0.2243525,0.19367512,-0.9852623,0.49247748,0.026391933,-1.6876063,0.8660254,0.5,0.002406355,0.0017099519,0.0011067162,0.0,0.0,1.0,1.0,1.0,1.0,0.0,0.0,0.0
2015-01-01,2015-02-01,7H,BET,ANC,821.0,6.7117405,-0.3816801,-0.37377697,-2.2743402,0.12188345,0.22211382,0.2243525,0.19367512,-0.5430904,-0.6817045,0.026391933,-1.6876063,0.8660254,0.5,0.002406355,0.007099547,0.0044861534,0.0,0.0,1.0,1.0,1.0,1.0,0.0,0.0,0.0
2015-01-01,2015-02-01,7H,CDV,ANC,143.0,4.9698133,-1.1417396,-1.0907317,-2.2743402,-0.5254769,0.22211382,0.2243525,0.19367512,-0.9316164,-1.4019902,0.026391933,-1.6876063,0.8660254,0.5,0.002406355,0.00022868371,0.0044861534,0.0,0.0,1.0,1.0,1.0,1.0,0.0,0.0,0.0
2015-01-01,2015-02-01,7H,ENA,ADQ,28.0,3.3672957,-1.7306468,-2.2795255,-2.2743402,-2.429075,0.22211382,0.2243525,0.19367512,-0.86659116,1.024778,0.026391933,-1.6876063,0.8660254,0.5,0.002406355,0.00025597517,0.00097214105,0.0,0.0,1.0,1.0,1.0,1.0,0.0,0.0,0.0
2015-01-01,2015-02-01,7H,ENA,ANC,4802.0,8.476996,0.57936037,0.6819392,-2.2743402,2.0178485,0.22211382,0.2243525,0.19367512,-1.0958053,-0.23573571,0.026391933,-1.6876063,0.8660254,0.5,0.002406355,0.00025597517,0.0044861534,0.0,0.0,1.0,1.0,1.0,1.0,0.0,0.0,0.0
2015-01-01,2015-02-01,7H,FAI,ANC,1455.0,7.283448,-0.028185425,0.13841745,-2.2743402,0.951457,0.22211382,0.2243525,0.19367512,-0.7674276,-1.04688,0.026391933,-1.6876063,0.8660254,0.5,0.002406355,0.004041961,0.0044861534,0.0,0.0,1.0,1.0,1.0,1.0,0.0,0.0,0.0
2015-01-01,2015-02-01,7H,FAI,GAL,59.0,4.0943446,-1.5338907,-1.5405488,-2.2743402,-1.2280383,0.22211382,0.2243525,0.19367512,-0.7560482,-1.4703317,0.026391933,-1.6876063,0.8660254,0.5,0.002406355,0.004041961,0.0009919038,0.0,0.0,1.0,1.0,1.0,1.0,0.0,0.0,0.0
2015-01-01,2015-02-01,7H,FAI,SCC,341.0,5.8348107,-0.5560168,-0.61345273,-2.2743402,-0.27623922,0.22211382,0.2243525,0.19367512,-0.58535683,-0.5399393,0.026391933,-1.6876063,0.8660254,0.5,0.002406355,0.004041961,0.00056465116,0.0,0.0,1.0,1.0,1.0,1.0,0.0,0.0,0.0
2015-01-01,2015-02-01,7H,GAL,FAI,88.0,4.4886365,-1.6702695,-1.6190375,-2.2743402,-1.3437252,0.22211382,0.2243525,0.19367512,-0.7560482,-1.7119813,0.026391933,-1.6876063,0.8660254,0.5,0.002406355,0.0010257829,0.0042518233,0.0,0.0,1.0,1.0,1.0,1.0,0.0,0.0,0.0
2015-01-01,2015-02-01,7H,HOM,ANC,1798.0,7.494986,0.15663476,0.20765778,-2.2743402,1.2265582,0.22211382,0.2243525,0.19367512,-1.0015186,-0.3922615,0.026391933,-1.6876063,0.8660254,0.5,0.002406355,0.0003256155,0.0044861534,0.0,0.0,1.0,1.0,1.0,1.0,0.0,0.0,0.0
2015-01-01,2015-02-01,7H,KSM,ANC,427.0,6.059123,-0.59678555,-0.62961715,-2.2743402,-0.14268848,0.22211382,0.2243525,0.19367512,-0.47318822,-0.687839,0.026391933,-1.6876063,0.8660254,0.5,0.002406355,0.0008479178,0.0044861534,0.0,0.0,1.0,1.0,1.0,1.0,0.0,0.0,0.0
2015-01-01,2015-02-01,7H,SCC,FAI,311.0,5.7430034,-0.7556921,-0.61345273,-2.2743402,-0.27623922,0.22211382,0.2243525,0.19367512,-0.58535683,-1.4466937,0.026391933,-1.6876063,0.8660254,0.5,0.002406355,0.0005674744,0.0042518233,0.0,0.0,1.0,1.0,1.0,1.0,0.0,0.0,0.0
2015-01-01,2015-02-01,7H,UNK,ANC,455.0,6.122493,-0.5716848,-0.55704135,-2.2743402,-0.082915485,0.22211382,0.2243525,0.19367512,-0.55284417,-0.86826557,0.026391933,-1.6876063,0.8660254,0.5,0.002406355,0.0011104806,0.0044861534,0.0,0.0,1.0,1.0,1.0,1.0,0.0,0.0,0.0
2015-01-01,2015-02-01,7H,VDZ,ANC,732.0,6.5971456,-0.20487092,-0.16962196,-2.2743402,0.5030418,0.22211382,0.2243525,0.19367512,-0.98688793,-0.6496462,0.026391933,-1.6876063,0.8660254,0.5,0.002406355,8.093333e-05,0.0044861534,0.0,0.0,1.0,1.0,1.0,1.0,0.0,0.0,0.0
2015-01-01,2015-02-01,7S,ANI,CHU,0.0,0.0,-3.3942978,-3.303392,-2.2743402,-2.429075,0.22211382,0.2243525,0.19367512,-1.1738356,-3.1282063,0.026391933,-1.6876063,0.8660254,0.5,0.00578391,0.0017099519,0.00022680154,0.0,0.0,1.0,1.0,1.0,1.0,0.0,0.0,0.0
2015-01-01,2015-02-01,7S,ANI,HCR,0.0,0.0,-2.8842664,-2.7593331,-2.2743402,-1.8285567,0.22211382,0.2243525,0.19367512,-1.1218153,-2.5428333,0.026391933,-1.6876063,0.8660254,0.5,0.00578391,0.0017099519,0.0004460744,0.0,0.0,1.0,1.0,1.0,1.0,0.0,0.0,0.0
2015-01-01,2015-02-01,7S,ANI,KLG,3.0,1.3862944,-2.374235,-2.3095162,-2.2743402,-1.2280383,0.22211382,0.2243525,0.19367512,-1.1478255,-2.1247096,0.026391933,-1.6876063,0.8660254,0.5,0.00578391,0.0017099519,0.00045077983,0.0,0.0,1.0,1.0,1.0,1.0,0.0,0.0,0.0
2015-01-01,2015-02-01,7S,ANI,RSH,7.0,2.0794415,-3.3942978,-2.6084936,-2.2743402,-1.6352329,0.22211382,0.2243525,0.19367512,-1.0941796,-3.1282063,0.026391933,-1.6876063,0.8660254,0.5,0.00578391,0.0017099519,0.000541124,0.0,0.0,1.0,1.0,1.0,1.0,0.0,0.0,0.0
2015-01-01,2015-02-01,7S,ANV,ANI,0.0,0.0,-2.8842664,-2.9189084,-2.2743402,-1.8285567,0.22211382,0.2243525,0.19367512,-1.0665439,-2.3299704,0.026391933,-1.6876063,0.8660254,0.5,0.00578391,0.00043007595,0.001799355,0.0,0.0,1.0,1.0,1.0,1.0,0.0,0.0,0.0
2015-01-01,2015-02-01,7S,ANV,HCR,3.0,1.3862944,-2.7507098,-3.303392,-2.2743402,-2.429075,0.22211382,0.2243525,0.19367512,-1.136446,-0.49402767,0.026391933,-1.6876063,0.8660254,0.5,0.00578391,0.00043007595,0.0004460744,0.0,0.0,1.0,1.0,1.0,1.0,0.0,0.0,0.0
2015-01-01,2015-02-01,7S,ANV,KGX,0.0,0.0,-3.3942978,-3.303392,-2.2743402,-2.429075,0.22211382,0.2243525,0.19367512,-1.1640818,-3.1282063,0.026391933,-1.6876063,0.8660254,0.5,0.00578391,0.00043007595,0.0004460744,0.0,0.0,1.0,1.0,1.0,1.0,0.0,0.0,0.0
2015-01-01,2015-02-01,7S,HCR,ANI,0.0,0.0,-3.3942978,-2.6084936,-2.2743402,-1.6352329,0.22211382,0.2243525,0.19367512,-1.1218153,-3.1282063,0.026391933,-1.6876063,0.8660254,0.5,0.00578391,0.00051853794,0.001799355,0.0,0.0,1.0,1.0,1.0,1.0,0.0,0.0,0.0
2015-01-01,2015-02-01,7S,HCR,ANV,2.0,1.0986123,-3.3942978,-3.303392,-2.2743402,-2.429075,0.22211382,0.2243525,0.19367512,-1.136446,-3.1282063,0.026391933,-1.6876063,0.8660254,0.5,0.00578391,0.00051853794,0.00043572247,0.0,0.0,1.0,1.0,1.0,1.0,0.0,0.0,0.0
2015-01-01,2015-02-01,7S,KGX,ANI,1.0,0.6931472,-3.3942978,-3.303392,-2.2743402,-2.429075,0.22211382,0.2243525,0.19367512,-1.0421594,-3.1282063,0.026391933,-1.6876063,0.8660254,0.5,0.00578391,0.00042348835,0.001799355,0.0,0.0,1.0,1.0,1.0,1.0,0.0,0.0,0.0
2015-01-01,2015-02-01,7S,KGX,SHX,3.0,1.3862944,-3.3942978,-3.303392,-2.2743402,-2.429075,0.22211382,0.2243525,0.19367512,-1.1575793,-3.1282063,0.026391933,-1.6876063,0.8660254,0.5,0.00578391,0.00042348835,0.00041031317,0.0,0.0,1.0,1.0,1.0,1.0,0.0,0.0,0.0
2015-01-01,2015-02-01,7S,KLG,ANI,1.0,0.6931472,-2.8842664,-2.2795255,-2.2743402,-1.0347146,0.22211382,0.2243525,0.19367512,-1.1478255,-2.890893,0.026391933,-1.6876063,0.8660254,0.5,0.00578391,0.00045830852,0.001799355,0.0,0.0,1.0,1.0,1.0,1.0,0.0,0.0,0.0
2015-01-01,2015-02-01,7S,RSH,ANI,3.0,1.3862944,-3.3942978,-3.303392,-2.2743402,-2.429075,0.22211382,0.2243525,0.19367512,-1.0941796,-3.1282063,0.026391933,-1.6876063,0.8660254,0.5,0.00578391,0.0006380558,0.001799355,0.0,0.0,1.0,1.0,1.0,1.0,0.0,0.0,0.0
2015-01-01,2015-02-01,7S,RSH,KLG,2.0,1.0986123,-2.6471152,-2.9189084,-2.2743402,-1.8285567,0.22211382,0.2243525,0.19367512,-1.1331948,-1.5317345,0.026391933,-1.6876063,0.8660254,0.5,0.00578391,0.0006380558,0.00045077983,0.0,0.0,1.0,1.0,1.0,1.0,0.0,0.0,0.0
2015-01-01,2015-02-01,8D,ADQ,AKK,47.0,3.871201,-1.9386426,-2.149941,-2.2743402,-1.2280383,0.22211382,0.2243525,0.19367512,-1.0535388,-1.0731734,0.026391933,-1.6876063,0.8660254,0.5,0.00012892867,0.0009344976,0.00019856899,0.0,0.0,1.0,1.0,1.0,1.0,0.0,0.0,0.0
2015-01-01,2015-02-01,8D,ADQ,KLN,11.0,2.4849067,-2.7507098,-2.9671729,-2.2743402,-2.0777943,0.22211382,0.2243525,0.19367512,-1.0990565,-1.811117,0.026391933,-1.6876063,0.8660254,0.5,0.00012892867,0.0009344976,0.00021080309,0.0,0.0,1.0,1.0,1.0,1.0,0.0,0.0,0.0
2015-01-01,2015-02-01,8D,ADQ,KOZ,26.0,3.295837,-1.9386426,-1.8395262,-2.2743402,-0.62751997,0.22211382,0.2243525,0.19367512,-1.1705843,-1.964513,0.026391933,-1.6876063,0.8660254,0.5,0.00012892867,0.0009344976,0.00019104031,0.0,0.0,1.0,1.0,1.0,1.0,0.0,0.0,0.0
2015-01-01,2015-02-01,8D,ADQ,KYK,3.0,1.3862944,-3.0725038,-3.303392,-2.2743402,-2.429075,0.22211382,0.2243525,0.19367512,-1.0714208,-2.2501469,0.026391933,-1.6876063,0.8660254,0.5,0.00012892867,0.0009344976,0.00018257054,0.0,0.0,1.0,1.0,1.0,1.0,0.0,0.0,0.0
2015-01-01,2015-02-01,8D,ADQ,OLH,81.0,4.406719,-1.6168486,-1.5641563,-2.2743402,-0.20689303,0.22211382,0.2243525,0.19367512,-1.1153128,-1.6861377,0.026391933,-1.6876063,0.8660254,0.5,0.00012892867,0.0009344976,0.00018539379,0.0,0.0,1.0,1.0,1.0,1.0,0.0,0.0,0.0
2015-01-01,2015-02-01,8D,ADQ,ORI,27.0,3.3322046,-2.2406783,-2.0169961,-2.2743402,-0.8074114,0.22211382,0.2243525,0.19367512,-1.1657075,-2.3233185,0.026391933,-1.6876063,0.8660254,0.5,0.00012892867,0.0009344976,0.00019856899,0.0,0.0,1.0,1.0,1.0,1.0,0.0,0.0,0.0
2015-01-01,2015-02-01,8D,AKK,ADQ,48.0,3.8918202,-1.8310286,-1.8461694,-2.2743402,-0.68343383,0.22211382,0.2243525,0.19367512,-1.0535388,-1.6290803,0.026391933,-1.6876063,0.8660254,0.5,0.00012892867,0.00019480464,0.00097214105,0.0,0.0,1.0,1.0,1.0,1.0,0.0,0.0,0.0
2015-01-01,2015-02-01,8D,AKK,KLN,10.0,2.3978953,-2.490908,-3.0200408,-2.2743402,-2.429075,0.22211382,0.2243525,0.19367512,-1.123441,-0.20134117,0.026391933,-1.6876063,0.8660254,0.5,0.00012892867,0.00019480464,0.00021080309,0.0,0.0,1.0,1.0,1.0,1.0,0.0,0.0,0.0
2015-01-01,2015-02-01,8D,AKK,OLH,7.0,2.0794415,-2.6471152,-3.0200408,-2.2743402,-2.429075,0.22211382,0.2243525,0.19367512,-1.128318,-1.1769629,0.026391933,-1.6876063,0.8660254,0.5,0.00012892867,0.00019480464,0.00018539379,0.0,0.0,1.0,1.0,1.0,1.0,0.0,0.0,0.0
2015-01-01,2015-02-01,8D,KLN,ADQ,1.0,0.6931472,-2.7507098,-3.0200408,-2.2743402,-2.429075,0.22211382,0.2243525,0.19367512,-1.0990565,-1.6647737,0.026391933,-1.6876063,0.8660254,0.5,0.00012892867,0.00021456744,0.00097214105,0.0,0.0,1.0,1.0,1.0,1.0,0.0,0.0,0.0
2015-01-01,2015-02-01,8D,KLN,AKK,3.0,1.3862944,-2.490908,-2.9671729,-2.2743402,-2.0777943,0.22211382,0.2243525,0.19367512,-1.123441,-0.49402767,0.026391933,-1.6876063,0.8660254,0.5,0.00012892867,0.00021456744,0.00019856899,0.0,0.0,1.0,1.0,1.0,1.0,0.0,0.0,0.0
2015-01-01,2015-02-01,8D,KOZ,ADQ,32.0,3.4965076,-1.8817244,-2.0169961,-2.2743402,-0.8074114,0.22211382,0.2243525,0.19367512,-1.1705843,-1.2989156,0.026391933,-1.6876063,0.8660254,0.5,0.00012892867,0.00019292247,0.00097214105,0.0,0.0,1.0,1.0,1.0,1.0,0.0,0.0,0.0
2015-01-01,2015-02-01,8D,KOZ,ORI,11.0,2.4849067,-2.2810733,-2.2510734,-2.2743402,-1.2280383,0.22211382,0.2243525,0.19367512,-1.167333,-2.0024889,0.026391933,-1.6876063,0.8660254,0.5,0.00012892867,0.00019292247,0.00019856899,0.0,0.0,1.0,1.0,1.0,1.0,0.0,0.0,0.0
2015-01-01,2015-02-01,8D,KYK,AKK,2.0,1.0986123,-3.3942978,-3.303392,-2.2743402,-2.429075,0.22211382,0.2243525,0.19367512,-1.1185641,-3.1282063,0.026391933,-1.6876063,0.8660254,0.5,0.00012892867,0.00017880619,0.00019856899,0.0,0.0,1.0,1.0,1.0,1.0,0.0,0.0,0.0
2015-01-01,2015-02-01,8D,OLH,ADQ,87.0,4.477337,-1.485822,-1.6950115,-2.2743402,-0.39192614,0.22211382,0.2243525,0.19367512,-1.1153128,-0.689152,0.026391933,-1.6876063,0.8660254,0.5,0.00012892867,0.00018633487,0.00097214105,0.0,0.0,1.0,1.0,1.0,1.0,0.0,0.0,0.0
2015-01-01,2015-02-01,8D,OLH,AKK,5.0,1.7917595,-2.4289157,-2.265117,-2.2743402,-1.3437252,0.22211382,0.2243525,0.19367512,-1.128318,-2.3194673,0.026391933,-1.6876063,0.8660254,0.5,0.00012892867,0.00018633487,0.00019856899,0.0,0.0,1.0,1.0,1.0,1.0,0.0,0.0,0.0
2015-01-01,2015-02-01,8D,ORI,ADQ,46.0,3.8501475,-1.8152897,-1.8665898,-2.2743402,-0.62751997,0.22211382,0.2243525,0.19367512,-1.1657075,-1.5165781,0.026391933,-1.6876063,0.8660254,0.5,0.00012892867,0.00019856899,0.00097214105,0.0,0.0,1.0,1.0,1.0,1.0,0.0,0.0,0.0
2015-01-01,2015-02-01,8D,ORI,KOZ,6.0,1.9459101,-2.5624723,-2.6084936,-2.2743402,-1.6352329,0.22211382,0.2243525,0.19367512,-1.167333,-2.0306318,0.026391933,-1.6876063,0.8660254,0.5,0.00012892867,0.00019856899,0.00019104031,0.0,0.0,1.0,1.0,1.0,1.0,0.0,0.0,0.0
2015-01-01,2015-02-01,8E,ABL,OBU,13.0,2.6390574,-1.7853277,-1.9173814,-2.2743402,-1.1259953,0.22211382,0.2243525,0.19367512,-1.1461998,-1.2379392,0.026391933,-1.6876063,0.8660254,0.5,0.01103046,0.00056371005,0.0004705426,0.0,0.0,1.0,1.0,1.0,1.0,0.0,0.0,0.0
2015-01-01,2015-02-01,8E,ABL,ORV,19.0,2.9957323,-2.052441,-2.664009,-2.2743402,-2.0777943,0.22211382,0.2243525,0.19367512,-1.048662,1.018186,0.026391933,-1.6876063,0.8660254,0.5,0.01103046,0.00056371005,0.00043666354,0.0,0.0,1.0,1.0,1.0,1.0,0.0,0.0,0.0
2015-01-01,2015-02-01,8E,ABL,OTZ,75.0,4.3307333,-1.320997,-1.386782,-2.2743402,-0.35162282,0.22211382,0.2243525,0.19367512,-0.98038536,-1.1305047,0.026391933,-1.6876063,0.8660254,0.5,0.01103046,0.00056371005,0.0021851999,0.0,0.0,1.0,1.0,1.0,1.0,0.0,0.0,0.0
2015-01-01,2015-02-01,8E,ABL,SHG,55.0,4.0253515,-1.2037315,-1.2480289,-2.2743402,-0.14268848,0.22211382,0.2243525,0.19367512,-1.154328,-1.1227617,0.026391933,-1.6876063,0.8660254,0.5,0.01103046,0.00056371005,0.00051383255,0.0,0.0,1.0,1.0,1.0,1.0,0.0,0.0,0.0
2015-01-01,2015-02-01,8E,BKC,DRG,96.0,4.574711,-1.1996049,-1.2480289,-2.2743402,-0.14268848,0.22211382,0.2243525,0.19367512,-1.1169385,-1.1046946,0.026391933,-1.6876063,0.8660254,0.5,0.01103046,0.00038584493,0.0003124403,0.0,0.0,1.0,1.0,1.0,1.0,0.0,0.0,0.0
2015-01-01,2015-02-01,8E,BKC,OME,2.0,1.0986123,-2.7507098,-2.558032,-2.2743402,-1.6352329,0.22211382,0.2243525,0.19367512,-0.92999077,-2.5295293,0.026391933,-1.6876063,0.8660254,0.5,0.01103046,0.00038584493,0.0025032868,0.0,0.0,1.0,1.0,1.0,1.0,0.0,0.0,0.0
2015-01-01,2015-02-01,8E,BKC,OTZ,141.0,4.955827,-1.038145,-1.1677433,-2.2743402,-0.00034209088,0.22211382,0.2243525,0.19367512,-1.0714208,-0.6440165,0.026391933,-1.6876063,0.8660254,0.5,0.01103046,0.00038584493,0.0021851999,0.0,0.0,1.0,1.0,1.0,1.0,0.0,0.0,0.0
2015-01-01,2015-02-01,8E,DRG,BKC,51.0,3.9512436,-1.4353886,-1.4136996,-2.2743402,-0.39192614,0.22211382,0.2243525,0.19367512,-1.1169385,-1.4940399,0.026391933,-1.6876063,0.8660254,0.5,0.01103046,0.00034349613,0.00035761239,0.0,0.0,1.0,1.0,1.0,1.0,0.0,0.0,0.0
2015-01-01,2015-02-01,8E,DRG,OTZ,98.0,4.59512,-1.1204724,-1.2043297,-2.2743402,-0.05450753,0.22211382,0.2243525,0.19367512,-1.0990565,-0.90801775,0.026391933,-1.6876063,0.8660254,0.5,0.01103046,0.00034349613,0.0021851999,0.0,0.0,1.0,1.0,1.0,1.0,0.0,0.0,0.0
2015-01-01,2015-02-01,8E,ELI,GLV,76.0,4.3438053,-1.4422665,-1.5033071,-2.2743402,-0.5254769,0.22211382,0.2243525,0.19367512,-1.1559536,-1.2343524,0.026391933,-1.6876063,0.8660254,0.5,0.01103046,0.0007519271,0.00062017515,0.0,0.0,1.0,1.0,1.0,1.0,0.0,0.0,0.0
2015-01-01,2015-02-01,8E,ELI,KKA,35.0,3.583519,-1.4708447,-1.5641563,-2.2743402,-0.5749969,0.22211382,0.2243525,0.19367512,-1.1266923,-1.1413562,0.026391933,-1.6876063,0.8660254,0.5,0.01103046,0.0007519271,0.00071428367,0.0,0.0,1.0,1.0,1.0,1.0,0.0,0.0,0.0
2015-01-01,2015-02-01,8E,ELI,OME,68.0,4.2341065,-1.2657236,-1.185735,-2.2743402,-0.027001575,0.22211382,0.2243525,0.19367512,-1.0372825,-1.5625486,0.026391933,-1.6876063,0.8660254,0.5,0.01103046,0.0007519271,0.0025032868,0.0,0.0,1.0,1.0,1.0,1.0,0.0,0.0,0.0
2015-01-01,2015-02-01,8E,ELI,SKK,7.0,2.0794415,-2.3253212,-2.1735485,-2.2743402,-1.477276,0.22211382,0.2243525,0.19367512,-1.1331948,-2.2501469,0.026391933,-1.6876063,0.8660254,0.5,0.01103046,0.0007519271,0.00063335034,0.0,0.0,1.0,1.0,1.0,1.0,0.0,0.0,0.0
2015-01-01,2015-02-01,8E,ELI,UNK,7.0,2.0794415,-2.0789766,-2.0354877,-2.2743402,-1.1259953,0.22211382,0.2243525,0.19367512,-1.0828001,-1.9170897,0.026391933,-1.6876063,0.8660254,0.5,0.01103046,0.0007519271,0.0012619953,0.0,0.0,1.0,1.0,1.0,1.0,0.0,0.0,0.0
2015-01-01,2015-02-01,8E,ELI,WMO,13.0,2.6390574,-1.9386426,-1.852893,-2.2743402,-1.0347146,0.22211382,0.2243525,0.19367512,-1.136446,-1.9357798,0.026391933,-1.6876063,0.8660254,0.5,0.01103046,0.0007519271,0.00053265423,0.0,0.0,1.0,1.0,1.0,1.0,0.0,0.0,0.0
2015-01-01,2015-02-01,8E,GAM,OME,94.0,4.553877,-1.3104454,-1.3780922,-2.2743402,-0.17419614,0.22211382,0.2243525,0.19367512,-0.87146807,-1.1159866,0.026391933,-1.6876063,0.8660254,0.5,0.01103046,0.0002945597,0.0025032868,0.0,0.0,1.0,1.0,1.0,1.0,0.0,0.0,0.0
2015-01-01,2015-02-01,8E,GAM,SVA,56.0,4.0430512,-1.2426218,-1.3365746,-2.2743402,-0.27623922,0.22211382,0.2243525,0.19367512,-1.1299435,-0.9648712,0.026391933,-1.6876063,0.8660254,0.5,0.01103046,0.0002945597,0.0002945597,0.0,0.0,1.0,1.0,1.0,1.0,0.0,0.0,0.0
2015-01-01,2015-02-01,8E,GLV,ELI,67.0,4.2195077,-1.3716929,-1.4136996,-2.2743402,-0.39192614,0.22211382,0.2243525,0.19367512,-1.1559536,-1.2501345,0.026391933,-1.6876063,0.8660254,0.5,0.01103046,0.0006455845,0.00067852245,0.0,0.0,1.0,1.0,1.0,1.0,0.0,0.0,0.0
2015-01-01,2015-02-01,8E,GLV,KKA,7.0,2.0794415,-2.7507098,-3.0200408,-2.2743402,-2.429075,0.22211382,0.2243525,0.19367512,-1.092554,-1.6647737,0.026391933,-1.6876063,0.8660254,0.5,0.01103046,0.0006455845,0.00071428367,0.0,0.0,1.0,1.0,1.0,1.0,0.0,0.0,0.0
2015-01-01,2015-02-01,8E,GLV,OME,41.0,3.7376697,-1.9386426,-1.9903659,-2.2743402,-1.2280383,0.22211382,0.2243525,0.19367512,-1.0730464,-1.5950865,0.026391933,-1.6876063,0.8660254,0.5,0.01103046,0.0006455845,0.0025032868,0.0,0.0,1.0,1.0,1.0,1.0,0.0,0.0,0.0
2015-01-01,2015-02-01,8E,GLV,WMO,41.0,3.7376697,-1.3657788,-1.5033071,-2.2743402,-0.5254769,0.22211382,0.2243525,0.19367512,-1.167333,-0.8900153,0.026391933,-1.6876063,0.8660254,0.5,0.01103046,0.0006455845,0.00053265423,0.0,0.0,1.0,1.0,1.0,1.0,0.0,0.0,0.0
2015-01-01,2015-02-01,8E,IAN,ABL,4.0,1.609438,-2.8842664,-3.0200408,-2.2743402,-2.429075,0.22211382,0.2243525,0.19367512,-1.0762976,-2.1525846,0.026391933,-1.6876063,0.8660254,0.5,0.01103046,0.0003698465,0.0005815907,0.0,0.0,1.0,1.0,1.0,1.0,0.0,0.0,0.0
2015-01-01,2015-02-01,8E,IAN,ORV,78.0,4.3694477,-1.2336936,-1.2905368,-2.2743402,-0.20689303,0.22211382,0.2243525,0.19367512,-1.1608305,-1.0989132,0.026391933,-1.6876063,0.8660254,0.5,0.01103046,0.0003698465,0.00043666354,0.0,0.0,1.0,1.0,1.0,1.0,0.0,0.0,0.0
2015-01-01,2015-02-01,8E,IAN,OTZ,121.0,4.804021,-0.99126685,-1.0738705,-2.2743402,0.12188345,0.22211382,0.2243525,0.19367512,-1.0958053,-0.8078087,0.026391933,-1.6876063,0.8660254,0.5,0.01103046,0.0003698465,0.0021851999,0.0,0.0,1.0,1.0,1.0,1.0,0.0,0.0,0.0
2015-01-01,2015-02-01,8E,KKA,ELI,35.0,3.583519,-1.4934957,-1.4718019,-2.2743402,-0.47863492,0.22211382,0.2243525,0.19367512,-1.1266923,-1.5292708,0.026391933,-1.6876063,0.8660254,0.5,0.01103046,0.00070675503,0.00067852245,0.0,0.0,1.0,1.0,1.0,1.0,0.0,0.0,0.0
2015-01-01,2015-02-01,8E,KKA,GLV,11.0,2.4849067,-2.2810733,-2.4489183,-2.2743402,-1.8285567,0.22211382,0.2243525,0.19367512,-1.092554,-1.5021701,0.026391933,-1.6876063,0.8660254,0.5,0.01103046,0.00070675503,0.00062017515,0.0,0.0,1.0,1.0,1.0,1.0,0.0,0.0,0.0
2015-01-01,2015-02-01,8E,KKA,OME,25.0,3.2580965,-1.6270523,-1.4961497,-2.2743402,-0.47863492,0.22211382,0.2243525,0.19367512,-0.98038536,-1.8819282,0.026391933,-1.6876063,0.8660254,0.5,0.01103046,0.00070675503,0.0025032868,0.0,0.0,1.0,1.0,1.0,1.0,0.0,0.0,0.0
2015-01-01,2015-02-01,8E,KKA,SKK,9.0,2.3025851,-2.1370838,-2.2943182,-2.2743402,-1.6352329,0.22211382,0.2243525,0.19367512,-1.128318,-1.4208683,0.026391933,-1.6876063,0.8660254,0.5,0.01103046,0.00070675503,0.00063335034,0.0,0.0,1.0,1.0,1.0,1.0,0.0,0.0,0.0
2015-01-01,2015-02-01,8E,KKA,UNK,8.0,2.1972246,-1.8999326,-1.6849259,-2.2743402,-0.74320686,0.22211382,0.2243525,0.19367512,-1.0714208,-2.1703231,0.026391933,-1.6876063,0.8660254,0.5,0.01103046,0.00070675503,0.0012619953,0.0,0.0,1.0,1.0,1.0,1.0,0.0,0.0,0.0
2015-01-01,2015-02-01,8E,KKA,WMO,4.0,1.609438,-2.490908,-2.664009,-2.2743402,-2.0777943,0.22211382,0.2243525,0.19367512,-1.079549,-1.6647737,0.026391933,-1.6876063,0.8660254,0.5,0.01103046,0.00070675503,0.00053265423,0.0,0.0,1.0,1.0,1.0,1.0,0.0,0.0,0.0
2015-01-01,2015-02-01,8E,KTS,OME,105.0,4.6634393,-1.2381363,-1.185735,-2.2743402,-0.027001575,0.22211382,0.2243525,0.19367512,-1.0876771,-1.4657038,0.026391933,-1.6876063,0.8660254,0.5,0.01103046,0.0005486527,0.0025032868,0.0,0.0,1.0,1.0,1.0,1.0,0.0,0.0,0.0
2015-01-01,2015-02-01,8E,KTS,SHH,12.0,2.5649493,-3.3942978,-3.0200408,-2.2743402,-2.429075,0.22211382,0.2243525,0.19367512,-1.0860515,-3.1282063,0.026391933,-1.6876063,0.8660254,0.5,0.01103046,0.0005486527,0.0004912465,0.0,0.0,1.0,1.0,1.0,1.0,0.0,0.0,0.0
2015-01-01,2015-02-01,8E,KTS,TLA,42.0,3.7612002,-1.3899012,-1.4355776,-2.2743402,-0.39192614,0.22211382,0.2243525,0.19367512,-1.1803381,-1.2502755,0.026391933,-1.6876063,0.8660254,0.5,0.01103046,0.0005486527,0.00039149146,0.0,0.0,1.0,1.0,1.0,1.0,0.0,0.0,0.0
2015-01-01,2015-02-01,8E,KTS,WAA,26.0,3.295837,-2.1071217,-2.1735485,-2.2743402,-1.477276,0.22211382,0.2243525,0.19367512,-1.1088103,-1.6647737,0.026391933,-1.6876063,0.8660254,0.5,0.01103046,0.0005486527,0.0005542992,0.0,0.0,1.0,1.0,1.0,1.0,0.0,0.0,0.0
2015-01-01,2015-02-01,8E,KVL,OTZ,110.0,4.7095304,-1.1914599,-1.2043297,-2.2743402,-0.05450753,0.22211382,0.2243525,0.19367512,-1.0632926,-1.2251875,0.026391933,-1.6876063,0.8660254,0.5,0.01103046,0.00044231006,0.0021851999,0.0,0.0,1.0,1.0,1.0,1.0,0.0,0.0,0.0
2015-01-01,2015-02-01,8E,KVL,PHO,37.0,3.637586,-1.705546,-1.7428137,-2.2743402,-0.87675756,0.22211382,0.2243525,0.19367512,-1.074672,-1.487388,0.026391933,-1.6876063,0.8660254,0.5,0.01103046,0.00044231006,0.00045360308,0.0,0.0,1.0,1.0,1.0,1.0,0.0,0.0,0.0
2015-01-01,2015-02-01,8E,KVL,WTK,33.0,3.5263605,-1.4782729,-1.6102327,-2.2743402,-0.68343383,0.22211382,0.2243525,0.19367512,-1.1218153,-1.0027447,0.026391933,-1.6876063,0.8660254,0.5,0.01103046,0.00044231006,0.00034537827,0.0,0.0,1.0,1.0,1.0,1.0,0.0,0.0,0.0
2015-01-01,2015-02-01,8E,LUR,OTZ,1.0,0.6931472,-2.7507098,-2.664009,-2.2743402,-2.0777943,0.22211382,0.2243525,0.19367512,-0.92186266,-2.39649,0.026391933,-1.6876063,0.8660254,0.5,0.01103046,0.00013551627,0.0021851999,0.0,0.0,1.0,1.0,1.0,1.0,0.0,0.0,0.0
2015-01-01,2015-02-01,8E,LUR,PHO,5.0,1.7917595,-2.8842664,-2.4489183,-2.2743402,-1.8285567,0.22211382,0.2243525,0.19367512,-1.1266923,-2.802999,0.026391933,-1.6876063,0.8660254,0.5,0.01103046,0.00013551627,0.00045360308,0.0,0.0,1.0,1.0,1.0,1.0,0.0,0.0,0.0
2015-01-01,2015-02-01,8E,OBU,ABL,26.0,3.295837,-1.5781386,-1.651004,-2.2743402,-0.74320686,0.22211382,0.2243525,0.19367512,-1.1461998,-1.2895347,0.026391933,-1.6876063,0.8660254,0.5,0.01103046,0.00050724496,0.0005815907,0.0,0.0,1.0,1.0,1.0,1.0,0.0,0.0,0.0
2015-01-01,2015-02-01,8E,OBU,OTZ,40.0,3.713572,-1.4708447,-1.4136996,-2.2743402,-0.39192614,0.22211382,0.2243525,0.19367512,-0.9397446,-1.6159927,0.026391933,-1.6876063,0.8660254,0.5,0.01103046,0.00050724496,0.0021851999,0.0,0.0,1.0,1.0,1.0,1.0,0.0,0.0,0.0
2015-01-01,2015-02-01,8E,OBU,SHG,53.0,3.988984,-1.5689452,-1.6950115,-2.2743402,-0.8074114,0.22211382,0.2243525,0.19367512,-1.1803381,-1.095661,0.026391933,-1.6876063,0.8660254,0.5,0.01103046,0.00050724496,0.00051383255,0.0,0.0,1.0,1.0,1.0,1.0,0.0,0.0,0.0
2015-01-01,2015-02-01,8E,OBU,WLK,5.0,1.7917595,-2.3253212,-3.0200408,-2.2743402,-2.429075,0.22211382,0.2243525,0.19367512,-1.0502876,1.2620914,0.026391933,-1.6876063,0.8660254,0.5,0.01103046,0.00050724496,0.00039996122,0.0,0.0,1.0,1.0,1.0,1.0,0.0,0.0,0.0
2015-01-01,2015-02-01,8E,OME,ELI,60.0,4.1108737,-1.3484755,-1.2760025,-2.2743402,-0.1122866,0.22211382,0.2243525,0.19367512,-1.0372825,-1.5887513,0.026391933,-1.6876063,0.8660254,0.5,0.01103046,0.0023724758,0.00067852245,0.0,0.0,1.0,1.0,1.0,1.0,0.0,0.0,0.0
2015-01-01,2015-02-01,8E,OME,GAM,109.0,4.7004805,-1.2292931,-1.2618394,-2.2743402,-0.027001575,0.22211382,0.2243525,0.19367512,-0.87146807,-1.1831377,0.026391933,-1.6876063,0.8660254,0.5,0.01103046,0.0023724758,0.0002945597,0.0,0.0,1.0,1.0,1.0,1.0,0.0,0.0,0.0
2015-01-01,2015-02-01,8E,OME,GLV,6.0,1.9459101,-1.8000671,-1.852893,-2.2743402,-1.0347146,0.22211382,0.2243525,0.19367512,-1.0730464,-1.5021701,0.026391933,-1.6876063,0.8660254,0.5,0.01103046,0.0023724758,0.00062017515,0.0,0.0,1.0,1.0,1.0,1.0,0.0,0.0,0.0
2015-01-01,2015-02-01,8E,OME,KKA,9.0,2.3025851,-1.7710419,-1.6102327,-2.2743402,-0.68343383,0.22211382,0.2243525,0.19367512,-0.98038536,-2.01321,0.026391933,-1.6876063,0.8660254,0.5,0.01103046,0.0023724758,0.00071428367,0.0,0.0,1.0,1.0,1.0,1.0,0.0,0.0,0.0
2015-01-01,2015-02-01,8E,OME,KTS,113.0,4.7361984,-1.2292931,-1.2001433,-2.2743402,-0.027001575,0.22211382,0.2243525,0.19367512,-1.0876771,-1.3886544,0.026391933,-1.6876063,0.8660254,0.5,0.01103046,0.0023724758,0.00052042014,0.0,0.0,1.0,1.0,1.0,1.0,0.0,0.0,0.0
2015-01-01,2015-02-01,8E,OME,OME,0.0,0.0,-3.3942978,-2.664009,-2.2743402,-2.0777943,0.22211382,0.2243525,0.19367512,-1.1917175,-3.1282063,0.026391933,-1.6876063,0.8660254,0.5,0.01103046,0.0023724758,0.0025032868,0.0,0.0,1.0,1.0,1.0,1.0,0.0,0.0,0.0
2015-01-01,2015-02-01,8E,OME,OTZ,43.0,3.7841897,-1.6702695,-1.53671,-2.2743402,-0.5749969,0.22211382,0.2243525,0.19367512,-0.8942269,-1.9086791,0.026391933,-1.6876063,0.8660254,0.5,0.01103046,0.0023724758,0.0021851999,0.0,0.0,1.0,1.0,1.0,1.0,0.0,0.0,0.0
2015-01-01,2015-02-01,8E,OME,SHH,42.0,3.7612002,-1.5599303,-1.3156403,-2.2743402,-0.14268848,0.22211382,0.2243525,0.19367512,-0.99339044,-2.086787,0.026391933,-1.6876063,0.8660254,0.5,0.01103046,0.0023724758,0.0004912465,0.0,0.0,1.0,1.0,1.0,1.0,0.0,0.0,0.0
2015-01-01,2015-02-01,8E,OME,SKK,1.0,0.6931472,-1.8817244,-2.0744295,-2.2743402,-1.3437252,0.22211382,0.2243525,0.19367512,-0.9852623,-1.095661,0.026391933,-1.6876063,0.8660254,0.5,0.01103046,0.0023724758,0.00063335034,0.0,0.0,1.0,1.0,1.0,1.0,0.0,0.0,0.0
2015-01-01,2015-02-01,8E,OME,SMK,9.0,2.3025851,-2.0035272,-2.0744295,-2.2743402,-1.3437252,0.22211382,0.2243525,0.19367512,-0.9901392,-1.5834719,0.026391933,-1.6876063,0.8660254,0.5,0.01103046,0.0023724758,0.00049971626,0.0,0.0,1.0,1.0,1.0,1.0,0.0,0.0,0.0
2015-01-01,2015-02-01,8E,OME,SVA,93.0,4.543295,-1.2471511,-1.2712412,-2.2743402,-0.082915485,0.22211382,0.2243525,0.19367512,-0.9267395,-1.2251159,0.026391933,-1.6876063,0.8660254,0.5,0.01103046,0.0023724758,0.0002945597,0.0,0.0,1.0,1.0,1.0,1.0,0.0,0.0,0.0
2015-01-01,2015-02-01,8E,OME,TLA,61.0,4.1271343,-1.2206153,-1.1045998,-2.2743402,0.07504151,0.22211382,0.2243525,0.19367512,-1.0990565,-1.6368989,0.026391933,-1.6876063,0.8660254,0.5,0.01103046,0.0023724758,0.00039149146,0.0,0.0,1.0,1.0,1.0,1.0,0.0,0.0,0.0
2015-01-01,2015-02-01,8E,OME,TNC,7.0,2.0794415,-2.0035272,-2.1735485,-2.2743402,-1.477276,0.22211382,0.2243525,0.19367512,-1.0242774,-1.274525,0.026391933,-1.6876063,0.8660254,0.5,0.01103046,0.0023724758,0.00014869147,0.0,0.0,1.0,1.0,1.0,1.0,0.0,0.0,0.0
2015-01-01,2015-02-01,8E,OME,UNK,74.0,4.317488,-1.4708447,-1.5033071,-2.2743402,-0.5254769,0.22211382,0.2243525,0.19367512,-0.95274967,-1.3491315,0.026391933,-1.6876063,0.8660254,0.5,0.01103046,0.0023724758,0.0012619953,0.0,0.0,1.0,1.0,1.0,1.0,0.0,0.0,0.0
2015-01-01,2015-02-01,8E,OME,WAA,34.0,3.5553482,-1.6934869,-1.7712656,-2.2743402,-0.8074114,0.22211382,0.2243525,0.19367512,-1.0145236,-1.3534051,0.026391933,-1.6876063,0.8660254,0.5,0.01103046,0.0023724758,0.0005542992,0.0,0.0,1.0,1.0,1.0,1.0,0.0,0.0,0.0
2015-01-01,2015-02-01,8E,OME,WBB,58.0,4.0775375,-1.6817331,-1.6102327,-2.2743402,-0.68343383,0.22211382,0.2243525,0.19367512,-0.99989295,-1.7693046,0.026391933,-1.6876063,0.8660254,0.5,0.01103046,0.0023724758,0.00056465116,0.0,0.0,1.0,1.0,1.0,1.0,0.0,0.0,0.0
2015-01-01,2015-02-01,8E,OME,WMO,125.0,4.836282,-1.1417396,-1.1170255,-2.2743402,0.07504151,0.22211382,0.2243525,0.19367512,-1.0909283,-1.3179213,0.026391933,-1.6876063,0.8660254,0.5,0.01103046,0.0023724758,0.00053265423,0.0,0.0,1.0,1.0,1.0,1.0,0.0,0.0,0.0
2015-01-01,2015-02-01,8E,ORV,ABL,4.0,1.609438,-1.8999326,-2.2943182,-2.2743402,-1.6352329,0.22211382,0.2243525,0.19367512,-1.048662,-0.20134117,0.026391933,-1.6876063,0.8660254,0.5,0.01103046,0.00042819377,0.0005815907,0.0,0.0,1.0,1.0,1.0,1.0,0.0,0.0,0.0
2015-01-01,2015-02-01,8E,ORV,IAN,104.0,4.65396,-1.1490507,-1.2480289,-2.2743402,-0.14268848,0.22211382,0.2243525,0.19367512,-1.1608305,-0.86982274,0.026391933,-1.6876063,0.8660254,0.5,0.01103046,0.00042819377,0.00036043566,0.0,0.0,1.0,1.0,1.0,1.0,0.0,0.0,0.0
2015-01-01,2015-02-01,8E,ORV,OTZ,162.0,5.09375,-0.85771024,-0.98788995,-2.2743402,0.26836523,0.22211382,0.2243525,0.19367512,-1.1218153,-0.4759699,0.026391933,-1.6876063,0.8660254,0.5,0.01103046,0.00042819377,0.0021851999,0.0,0.0,1.0,1.0,1.0,1.0,0.0,0.0,0.0
2015-01-01,2015-02-01,8E,ORV,SHG,4.0,1.609438,-2.6471152,-3.0200408,-2.2743402,-2.429075,0.22211382,0.2243525,0.19367512,-1.0210261,-1.1769629,0.026391933,-1.6876063,0.8660254,0.5,0.01103046,0.00042819377,0.00051383255,0.0,0.0,1.0,1.0,1.0,1.0,0.0,0.0,0.0
2015-01-01,2015-02-01,8E,OTZ,ABL,78.0,4.3694477,-1.2037315,-1.2688757,-2.2743402,-0.17419614,0.22211382,0.2243525,0.19367512,-0.98038536,-1.0456291,0.026391933,-1.6876063,0.8660254,0.5,0.01103046,0.0020619177,0.0005815907,0.0,0.0,1.0,1.0,1.0,1.0,0.0,0.0,0.0
2015-01-01,2015-02-01,8E,OTZ,BKC,167.0,5.123964,-0.9185796,-1.0353793,-2.2743402,0.22897825,0.22211382,0.2243525,0.19367512,-1.0714208,-0.59486926,0.026391933,-1.6876063,0.8660254,0.5,0.01103046,0.0020619177,0.00035761239,0.0,0.0,1.0,1.0,1.0,1.0,0.0,0.0,0.0
2015-01-01,2015-02-01,8E,OTZ,DRG,58.0,4.0775375,-1.320997,-1.3611104,-2.2743402,-0.31311136,0.22211382,0.2243525,0.19367512,-1.0990565,-1.2213093,0.026391933,-1.6876063,0.8660254,0.5,0.01103046,0.0020619177,0.0003124403,0.0,0.0,1.0,1.0,1.0,1.0,0.0,0.0,0.0
2015-01-01,2015-02-01,8E,OTZ,IAN,84.0,4.4426513,-0.9657522,-1.0705589,-2.2743402,0.1443877,0.22211382,0.2243525,0.19367512,-1.0958053,-0.6906082,0.026391933,-1.6876063,0.8660254,0.5,0.01103046,0.0020619177,0.00036043566,0.0,0.0,1.0,1.0,1.0,1.0,0.0,0.0,0.0
2015-01-01,2015-02-01,8E,OTZ,KVL,95.0,4.564348,-1.1345417,-1.1170255,-2.2743402,0.07504151,0.22211382,0.2243525,0.19367512,-1.0632926,-1.2894129,0.026391933,-1.6876063,0.8660254,0.5,0.01103046,0.0020619177,0.00042631163,0.0,0.0,1.0,1.0,1.0,1.0,0.0,0.0,0.0
2015-01-01,2015-02-01,8E,OTZ,LUR,5.0,1.7917595,-2.7507098,-2.664009,-2.2743402,-2.0777943,0.22211382,0.2243525,0.19367512,-0.92186266,-2.39649,0.026391933,-1.6876063,0.8660254,0.5,0.01103046,0.0020619177,0.00012986976,0.0,0.0,1.0,1.0,1.0,1.0,0.0,0.0,0.0
2015-01-01,2015-02-01,8E,OTZ,OBU,38.0,3.6635616,-1.9592793,-1.7951272,-2.2743402,-0.95214117,0.22211382,0.2243525,0.19367512,-0.9397446,-2.1038036,0.026391933,-1.6876063,0.8660254,0.5,0.01103046,0.0020619177,0.0004705426,0.0,0.0,1.0,1.0,1.0,1.0,0.0,0.0,0.0
2015-01-01,2015-02-01,8E,OTZ,OME,30.0,3.4339871,-1.6817331,-1.386782,-2.2743402,-0.35162282,0.22211382,0.2243525,0.19367512,-0.8942269,-2.222272,0.026391933,-1.6876063,0.8660254,0.5,0.01103046,0.0020619177,0.0025032868,0.0,0.0,1.0,1.0,1.0,1.0,0.0,0.0,0.0
2015-01-01,2015-02-01,8E,OTZ,ORV,195.0,5.278115,-0.8716888,-0.89391494,-2.2743402,0.41012803,0.22211382,0.2243525,0.19367512,-1.1218153,-0.956866,0.026391933,-1.6876063,0.8660254,0.5,0.01103046,0.0020619177,0.00043666354,0.0,0.0,1.0,1.0,1.0,1.0,0.0,0.0,0.0
2015-01-01,2015-02-01,8E,OTZ,PHO,90.0,4.5108595,-1.0352525,-0.9921733,-2.2743402,0.3060392,0.22211382,0.2243525,0.19367512,-0.94787276,-1.3083938,0.026391933,-1.6876063,0.8660254,0.5,0.01103046,0.0020619177,0.00045360308,0.0,0.0,1.0,1.0,1.0,1.0,0.0,0.0,0.0
